S_no,Country,City,City to country name
1,US,Agra,Agra to US
2,US,Ahmedabad,Ahmedabad to US
3,US,Amritsar,Amritsar to US
4,US,Aurangabad,Aurangabad to US
5,US,Bawana Industrial Area,Bawana Industrial Area to US
6,US,Belagavi,Belagavi to US
7,US,Bengaluru,Bengaluru to US
8,US,Bhilwara,Bhilwara to US
9,US,Bhopal,Bhopal to US
10,US,Bhubaneswar,Bhubaneswar to US
11,US,Chennai,Chennai to US
12,US,Coimbatore,Coimbatore to US
13,US,Cuttack,Cuttack to US
14,US,Dewas,Dewas to US
15,US,Dharwad,Dharwad to US
16,US,Durgapur,Durgapur to US
17,US,Erode,Erode to US
18,US,Faridabad,Faridabad to US
19,US,Gandhidham,Gandhidham to US
20,US,Gurugram,Gurugram to US
21,US,Guntur,Guntur to US
22,US,Gwalior,Gwalior to US
23,US,Howrah,Howrah to US
24,US,Hubballi,Hubballi to US
25,US,Hyderabad,Hyderabad to US
26,US,Indore,Indore to US
27,US,Jabalpur,Jabalpur to US
28,US,Jaipur,Jaipur to US
29,US,Jalandhar,Jalandhar to US
30,US,Jodhpur,Jodhpur to US
31,US,Kakinada,Kakinada to US
32,US,Kanpur,Kanpur to US
33,US,Karimnagar,Karimnagar to US
34,US,Karnal,Karnal to US
35,US,Kolkata,Kolkata to US
36,US,Kota,Kota to US
37,US,Ludhiana,Ludhiana to US
38,US,Madurai,Madurai to US
39,US,Mangaluru,Mangaluru to US
40,US,Mohali,Mohali to US
41,US,Moradabad,Moradabad to US
42,US,Mumbai,Mumbai to US
43,US,Mundra,Mundra to US
44,US,Mysuru,Mysuru to US
45,US,Nagpur,Nagpur to US
46,US,Naraina,Naraina to US
47,US,Nashik,Nashik to US
48,US,New Delhi,New Delhi to US
49,US,Nizamabad,Nizamabad to US
50,US,Noida,Noida to US
51,US,Okhla,Okhla to US
52,US,Panipat,Panipat to US
53,US,Paradip,Paradip to US
54,US,Patiala,Patiala to US
55,US,Pune,Pune to US
56,US,Rajkot,Rajkot to US
57,US,Rourkela,Rourkela to US
58,US,Siliguri,Siliguri to US
59,US,Sonipat,Sonipat to US
60,US,Surat,Surat to US
61,US,Tirupati,Tirupati to US
62,US,Tiruppur,Tiruppur to US
63,US,Udaipur,Udaipur to US
64,US,Vadodara,Vadodara to US
65,US,Varanasi,Varanasi to US
66,US,Vijayawada,Vijayawada to US
67,US,Visakhapatnam,Visakhapatnam to US
68,US,Warangal,Warangal to US
69,UAE,,Agra to UAE
70,UAE,,Ahmedabad to UAE
71,UAE,,Amritsar to UAE
72,UAE,,Aurangabad to UAE
73,UAE,,Bawana Industrial Area to UAE
74,UAE,,Belagavi to UAE
75,UAE,,Bengaluru to UAE
76,UAE,,Bhilwara to UAE
77,UAE,,Bhopal to UAE
78,UAE,,Bhubaneswar to UAE
79,UAE,,Chennai to UAE
80,UAE,,Coimbatore to UAE
81,UAE,,Cuttack to UAE
82,UAE,,Dewas to UAE
83,UAE,,Dharwad to UAE
84,UAE,,Durgapur to UAE
85,UAE,,Erode to UAE
86,UAE,,Faridabad to UAE
87,UAE,,Gandhidham to UAE
88,UAE,,Gurugram to UAE
89,UAE,,Guntur to UAE
90,UAE,,Gwalior to UAE
91,UAE,,Howrah to UAE
92,UAE,,Hubballi to UAE
93,UAE,,Hyderabad to UAE
94,UAE,,Indore to UAE
95,UAE,,Jabalpur to UAE
96,UAE,,Jaipur to UAE
97,UAE,,Jalandhar to UAE
98,UAE,,Jodhpur to UAE
99,UAE,,Kakinada to UAE
100,UAE,,Kanpur to UAE
101,UAE,,Karimnagar to UAE
102,UAE,,Karnal to UAE
103,UAE,,Kolkata to UAE
104,UAE,,Kota to UAE
105,UAE,,Ludhiana to UAE
106,UAE,,Madurai to UAE
107,UAE,,Mangaluru to UAE
108,UAE,,Mohali to UAE
109,UAE,,Moradabad to UAE
110,UAE,,Mumbai to UAE
111,UAE,,Mundra to UAE
112,UAE,,Mysuru to UAE
113,UAE,,Nagpur to UAE
114,UAE,,Naraina to UAE
115,UAE,,Nashik to UAE
116,UAE,,New Delhi to UAE
117,UAE,,Nizamabad to UAE
118,UAE,,Noida to UAE
119,UAE,,Okhla to UAE
120,UAE,,Panipat to UAE
121,UAE,,Paradip to UAE
122,UAE,,Patiala to UAE
123,UAE,,Pune to UAE
124,UAE,,Rajkot to UAE
125,UAE,,Rourkela to UAE
126,UAE,,Siliguri to UAE
127,UAE,,Sonipat to UAE
128,UAE,,Surat to UAE
129,UAE,,Tirupati to UAE
130,UAE,,Tiruppur to UAE
131,UAE,,Udaipur to UAE
132,UAE,,Vadodara to UAE
133,UAE,,Varanasi to UAE
134,UAE,,Vijayawada to UAE
135,UAE,,Visakhapatnam to UAE
136,UAE,,Warangal to UAE
137,Europe,,Agra to Europe
138,Europe,,Ahmedabad to Europe
139,Europe,,Amritsar to Europe
140,Europe,,Aurangabad to Europe
141,Europe,,Bawana Industrial Area to Europe
142,Europe,,Belagavi to Europe
143,Europe,,Bengaluru to Europe
144,Europe,,Bhilwara to Europe
145,Europe,,Bhopal to Europe
146,Europe,,Bhubaneswar to Europe
147,Europe,,Chennai to Europe
148,Europe,,Coimbatore to Europe
149,Europe,,Cuttack to Europe
150,Europe,,Dewas to Europe
151,Europe,,Dharwad to Europe
152,Europe,,Durgapur to Europe
153,Europe,,Erode to Europe
154,Europe,,Faridabad to Europe
155,Europe,,Gandhidham to Europe
156,Europe,,Gurugram to Europe
157,Europe,,Guntur to Europe
158,Europe,,Gwalior to Europe
159,Europe,,Howrah to Europe
160,Europe,,Hubballi to Europe
161,Europe,,Hyderabad to Europe
162,Europe,,Indore to Europe
163,Europe,,Jabalpur to Europe
164,Europe,,Jaipur to Europe
165,Europe,,Jalandhar to Europe
166,Europe,,Jodhpur to Europe
167,Europe,,Kakinada to Europe
168,Europe,,Kanpur to Europe
169,Europe,,Karimnagar to Europe
170,Europe,,Karnal to Europe
171,Europe,,Kolkata to Europe
172,Europe,,Kota to Europe
173,Europe,,Ludhiana to Europe
174,Europe,,Madurai to Europe
175,Europe,,Mangaluru to Europe
176,Europe,,Mohali to Europe
177,Europe,,Moradabad to Europe
178,Europe,,Mumbai to Europe
179,Europe,,Mundra to Europe
180,Europe,,Mysuru to Europe
181,Europe,,Nagpur to Europe
182,Europe,,Naraina to Europe
183,Europe,,Nashik to Europe
184,Europe,,New Delhi to Europe
185,Europe,,Nizamabad to Europe
186,Europe,,Noida to Europe
187,Europe,,Okhla to Europe
188,Europe,,Panipat to Europe
189,Europe,,Paradip to Europe
190,Europe,,Patiala to Europe
191,Europe,,Pune to Europe
192,Europe,,Rajkot to Europe
193,Europe,,Rourkela to Europe
194,Europe,,Siliguri to Europe
195,Europe,,Sonipat to Europe
196,Europe,,Surat to Europe
197,Europe,,Tirupati to Europe
198,Europe,,Tiruppur to Europe
199,Europe,,Udaipur to Europe
200,Europe,,Vadodara to Europe
201,Europe,,Varanasi to Europe
202,Europe,,Vijayawada to Europe
203,Europe,,Visakhapatnam to Europe
204,Europe,,Warangal to Europe
205,Germany,,Agra to Germany
206,Germany,,Ahmedabad to Germany
207,Germany,,Amritsar to Germany
208,Germany,,Aurangabad to Germany
209,Germany,,Bawana Industrial Area to Germany
210,Germany,,Belagavi to Germany
211,Germany,,Bengaluru to Germany
212,Germany,,Bhilwara to Germany
213,Germany,,Bhopal to Germany
214,Germany,,Bhubaneswar to Germany
215,Germany,,Chennai to Germany
216,Germany,,Coimbatore to Germany
217,Germany,,Cuttack to Germany
218,Germany,,Dewas to Germany
219,Germany,,Dharwad to Germany
220,Germany,,Durgapur to Germany
221,Germany,,Erode to Germany
222,Germany,,Faridabad to Germany
223,Germany,,Gandhidham to Germany
224,Germany,,Gurugram to Germany
225,Germany,,Guntur to Germany
226,Germany,,Gwalior to Germany
227,Germany,,Howrah to Germany
228,Germany,,Hubballi to Germany
229,Germany,,Hyderabad to Germany
230,Germany,,Indore to Germany
231,Germany,,Jabalpur to Germany
232,Germany,,Jaipur to Germany
233,Germany,,Jalandhar to Germany
234,Germany,,Jodhpur to Germany
235,Germany,,Kakinada to Germany
236,Germany,,Kanpur to Germany
237,Germany,,Karimnagar to Germany
238,Germany,,Karnal to Germany
239,Germany,,Kolkata to Germany
240,Germany,,Kota to Germany
241,Germany,,Ludhiana to Germany
242,Germany,,Madurai to Germany
243,Germany,,Mangaluru to Germany
244,Germany,,Mohali to Germany
245,Germany,,Moradabad to Germany
246,Germany,,Mumbai to Germany
247,Germany,,Mundra to Germany
248,Germany,,Mysuru to Germany
249,Germany,,Nagpur to Germany
250,Germany,,Naraina to Germany
251,Germany,,Nashik to Germany
252,Germany,,New Delhi to Germany
253,Germany,,Nizamabad to Germany
254,Germany,,Noida to Germany
255,Germany,,Okhla to Germany
256,Germany,,Panipat to Germany
257,Germany,,Paradip to Germany
258,Germany,,Patiala to Germany
259,Germany,,Pune to Germany
260,Germany,,Rajkot to Germany
261,Germany,,Rourkela to Germany
262,Germany,,Siliguri to Germany
263,Germany,,Sonipat to Germany
264,Germany,,Surat to Germany
265,Germany,,Tirupati to Germany
266,Germany,,Tiruppur to Germany
267,Germany,,Udaipur to Germany
268,Germany,,Vadodara to Germany
269,Germany,,Varanasi to Germany
270,Germany,,Vijayawada to Germany
271,Germany,,Visakhapatnam to Germany
272,Germany,,Warangal to Germany
273,UK,,Agra to UK
274,UK,,Ahmedabad to UK
275,UK,,Amritsar to UK
276,UK,,Aurangabad to UK
277,UK,,Bawana Industrial Area to UK
278,UK,,Belagavi to UK
279,UK,,Bengaluru to UK
280,UK,,Bhilwara to UK
281,UK,,Bhopal to UK
282,UK,,Bhubaneswar to UK
283,UK,,Chennai to UK
284,UK,,Coimbatore to UK
285,UK,,Cuttack to UK
286,UK,,Dewas to UK
287,UK,,Dharwad to UK
288,UK,,Durgapur to UK
289,UK,,Erode to UK
290,UK,,Faridabad to UK
291,UK,,Gandhidham to UK
292,UK,,Gurugram to UK
293,UK,,Guntur to UK
294,UK,,Gwalior to UK
295,UK,,Howrah to UK
296,UK,,Hubballi to UK
297,UK,,Hyderabad to UK
298,UK,,Indore to UK
299,UK,,Jabalpur to UK
300,UK,,Jaipur to UK
301,UK,,Jalandhar to UK
302,UK,,Jodhpur to UK
303,UK,,Kakinada to UK
304,UK,,Kanpur to UK
305,UK,,Karimnagar to UK
306,UK,,Karnal to UK
307,UK,,Kolkata to UK
308,UK,,Kota to UK
309,UK,,Ludhiana to UK
310,UK,,Madurai to UK
311,UK,,Mangaluru to UK
312,UK,,Mohali to UK
313,UK,,Moradabad to UK
314,UK,,Mumbai to UK
315,UK,,Mundra to UK
316,UK,,Mysuru to UK
317,UK,,Nagpur to UK
318,UK,,Naraina to UK
319,UK,,Nashik to UK
320,UK,,New Delhi to UK
321,UK,,Nizamabad to UK
322,UK,,Noida to UK
323,UK,,Okhla to UK
324,UK,,Panipat to UK
325,UK,,Paradip to UK
326,UK,,Patiala to UK
327,UK,,Pune to UK
328,UK,,Rajkot to UK
329,UK,,Rourkela to UK
330,UK,,Siliguri to UK
331,UK,,Sonipat to UK
332,UK,,Surat to UK
333,UK,,Tirupati to UK
334,UK,,Tiruppur to UK
335,UK,,Udaipur to UK
336,UK,,Vadodara to UK
337,UK,,Varanasi to UK
338,UK,,Vijayawada to UK
339,UK,,Visakhapatnam to UK
340,UK,,Warangal to UK
341,Canada,,Agra to Canada
342,Canada,,Ahmedabad to Canada
343,Canada,,Amritsar to Canada
344,Canada,,Aurangabad to Canada
345,Canada,,Bawana Industrial Area to Canada
346,Canada,,Belagavi to Canada
347,Canada,,Bengaluru to Canada
348,Canada,,Bhilwara to Canada
349,Canada,,Bhopal to Canada
350,Canada,,Bhubaneswar to Canada
351,Canada,,Chennai to Canada
352,Canada,,Coimbatore to Canada
353,Canada,,Cuttack to Canada
354,Canada,,Dewas to Canada
355,Canada,,Dharwad to Canada
356,Canada,,Durgapur to Canada
357,Canada,,Erode to Canada
358,Canada,,Faridabad to Canada
359,Canada,,Gandhidham to Canada
360,Canada,,Gurugram to Canada
361,Canada,,Guntur to Canada
362,Canada,,Gwalior to Canada
363,Canada,,Howrah to Canada
364,Canada,,Hubballi to Canada
365,Canada,,Hyderabad to Canada
366,Canada,,Indore to Canada
367,Canada,,Jabalpur to Canada
368,Canada,,Jaipur to Canada
369,Canada,,Jalandhar to Canada
370,Canada,,Jodhpur to Canada
371,Canada,,Kakinada to Canada
372,Canada,,Kanpur to Canada
373,Canada,,Karimnagar to Canada
374,Canada,,Karnal to Canada
375,Canada,,Kolkata to Canada
376,Canada,,Kota to Canada
377,Canada,,Ludhiana to Canada
378,Canada,,Madurai to Canada
379,Canada,,Mangaluru to Canada
380,Canada,,Mohali to Canada
381,Canada,,Moradabad to Canada
382,Canada,,Mumbai to Canada
383,Canada,,Mundra to Canada
384,Canada,,Mysuru to Canada
385,Canada,,Nagpur to Canada
386,Canada,,Naraina to Canada
387,Canada,,Nashik to Canada
388,Canada,,New Delhi to Canada
389,Canada,,Nizamabad to Canada
390,Canada,,Noida to Canada
391,Canada,,Okhla to Canada
392,Canada,,Panipat to Canada
393,Canada,,Paradip to Canada
394,Canada,,Patiala to Canada
395,Canada,,Pune to Canada
396,Canada,,Rajkot to Canada
397,Canada,,Rourkela to Canada
398,Canada,,Siliguri to Canada
399,Canada,,Sonipat to Canada
400,Canada,,Surat to Canada
401,Canada,,Tirupati to Canada
402,Canada,,Tiruppur to Canada
403,Canada,,Udaipur to Canada
404,Canada,,Vadodara to Canada
405,Canada,,Varanasi to Canada
406,Canada,,Vijayawada to Canada
407,Canada,,Visakhapatnam to Canada
408,Canada,,Warangal to Canada
409,France,,Agra to France
410,France,,Ahmedabad to France
411,France,,Amritsar to France
412,France,,Aurangabad to France
413,France,,Bawana Industrial Area to France
414,France,,Belagavi to France
415,France,,Bengaluru to France
416,France,,Bhilwara to France
417,France,,Bhopal to France
418,France,,Bhubaneswar to France
419,France,,Chennai to France
420,France,,Coimbatore to France
421,France,,Cuttack to France
422,France,,Dewas to France
423,France,,Dharwad to France
424,France,,Durgapur to France
425,France,,Erode to France
426,France,,Faridabad to France
427,France,,Gandhidham to France
428,France,,Gurugram to France
429,France,,Guntur to France
430,France,,Gwalior to France
431,France,,Howrah to France
432,France,,Hubballi to France
433,France,,Hyderabad to France
434,France,,Indore to France
435,France,,Jabalpur to France
436,France,,Jaipur to France
437,France,,Jalandhar to France
438,France,,Jodhpur to France
439,France,,Kakinada to France
440,France,,Kanpur to France
441,France,,Karimnagar to France
442,France,,Karnal to France
443,France,,Kolkata to France
444,France,,Kota to France
445,France,,Ludhiana to France
446,France,,Madurai to France
447,France,,Mangaluru to France
448,France,,Mohali to France
449,France,,Moradabad to France
450,France,,Mumbai to France
451,France,,Mundra to France
452,France,,Mysuru to France
453,France,,Nagpur to France
454,France,,Naraina to France
455,France,,Nashik to France
456,France,,New Delhi to France
457,France,,Nizamabad to France
458,France,,Noida to France
459,France,,Okhla to France
460,France,,Panipat to France
461,France,,Paradip to France
462,France,,Patiala to France
463,France,,Pune to France
464,France,,Rajkot to France
465,France,,Rourkela to France
466,France,,Siliguri to France
467,France,,Sonipat to France
468,France,,Surat to France
469,France,,Tirupati to France
470,France,,Tiruppur to France
471,France,,Udaipur to France
472,France,,Vadodara to France
473,France,,Varanasi to France
474,France,,Vijayawada to France
475,France,,Visakhapatnam to France
476,France,,Warangal to France
477,Italy,,Agra to Italy
478,Italy,,Ahmedabad to Italy
479,Italy,,Amritsar to Italy
480,Italy,,Aurangabad to Italy
481,Italy,,Bawana Industrial Area to Italy
482,Italy,,Belagavi to Italy
483,Italy,,Bengaluru to Italy
484,Italy,,Bhilwara to Italy
485,Italy,,Bhopal to Italy
486,Italy,,Bhubaneswar to Italy
487,Italy,,Chennai to Italy
488,Italy,,Coimbatore to Italy
489,Italy,,Cuttack to Italy
490,Italy,,Dewas to Italy
491,Italy,,Dharwad to Italy
492,Italy,,Durgapur to Italy
493,Italy,,Erode to Italy
494,Italy,,Faridabad to Italy
495,Italy,,Gandhidham to Italy
496,Italy,,Gurugram to Italy
497,Italy,,Guntur to Italy
498,Italy,,Gwalior to Italy
499,Italy,,Howrah to Italy
500,Italy,,Hubballi to Italy
501,Italy,,Hyderabad to Italy
502,Italy,,Indore to Italy
503,Italy,,Jabalpur to Italy
504,Italy,,Jaipur to Italy
505,Italy,,Jalandhar to Italy
506,Italy,,Jodhpur to Italy
507,Italy,,Kakinada to Italy
508,Italy,,Kanpur to Italy
509,Italy,,Karimnagar to Italy
510,Italy,,Karnal to Italy
511,Italy,,Kolkata to Italy
512,Italy,,Kota to Italy
513,Italy,,Ludhiana to Italy
514,Italy,,Madurai to Italy
515,Italy,,Mangaluru to Italy
516,Italy,,Mohali to Italy
517,Italy,,Moradabad to Italy
518,Italy,,Mumbai to Italy
519,Italy,,Mundra to Italy
520,Italy,,Mysuru to Italy
521,Italy,,Nagpur to Italy
522,Italy,,Naraina to Italy
523,Italy,,Nashik to Italy
524,Italy,,New Delhi to Italy
525,Italy,,Nizamabad to Italy
526,Italy,,Noida to Italy
527,Italy,,Okhla to Italy
528,Italy,,Panipat to Italy
529,Italy,,Paradip to Italy
530,Italy,,Patiala to Italy
531,Italy,,Pune to Italy
532,Italy,,Rajkot to Italy
533,Italy,,Rourkela to Italy
534,Italy,,Siliguri to Italy
535,Italy,,Sonipat to Italy
536,Italy,,Surat to Italy
537,Italy,,Tirupati to Italy
538,Italy,,Tiruppur to Italy
539,Italy,,Udaipur to Italy
540,Italy,,Vadodara to Italy
541,Italy,,Varanasi to Italy
542,Italy,,Vijayawada to Italy
543,Italy,,Visakhapatnam to Italy
544,Italy,,Warangal to Italy
545,Portugal,,Agra to Portugal
546,Portugal,,Ahmedabad to Portugal
547,Portugal,,Amritsar to Portugal
548,Portugal,,Aurangabad to Portugal
549,Portugal,,Bawana Industrial Area to Portugal
550,Portugal,,Belagavi to Portugal
551,Portugal,,Bengaluru to Portugal
552,Portugal,,Bhilwara to Portugal
553,Portugal,,Bhopal to Portugal
554,Portugal,,Bhubaneswar to Portugal
555,Portugal,,Chennai to Portugal
556,Portugal,,Coimbatore to Portugal
557,Portugal,,Cuttack to Portugal
558,Portugal,,Dewas to Portugal
559,Portugal,,Dharwad to Portugal
560,Portugal,,Durgapur to Portugal
561,Portugal,,Erode to Portugal
562,Portugal,,Faridabad to Portugal
563,Portugal,,Gandhidham to Portugal
564,Portugal,,Gurugram to Portugal
565,Portugal,,Guntur to Portugal
566,Portugal,,Gwalior to Portugal
567,Portugal,,Howrah to Portugal
568,Portugal,,Hubballi to Portugal
569,Portugal,,Hyderabad to Portugal
570,Portugal,,Indore to Portugal
571,Portugal,,Jabalpur to Portugal
572,Portugal,,Jaipur to Portugal
573,Portugal,,Jalandhar to Portugal
574,Portugal,,Jodhpur to Portugal
575,Portugal,,Kakinada to Portugal
576,Portugal,,Kanpur to Portugal
577,Portugal,,Karimnagar to Portugal
578,Portugal,,Karnal to Portugal
579,Portugal,,Kolkata to Portugal
580,Portugal,,Kota to Portugal
581,Portugal,,Ludhiana to Portugal
582,Portugal,,Madurai to Portugal
583,Portugal,,Mangaluru to Portugal
584,Portugal,,Mohali to Portugal
585,Portugal,,Moradabad to Portugal
586,Portugal,,Mumbai to Portugal
587,Portugal,,Mundra to Portugal
588,Portugal,,Mysuru to Portugal
589,Portugal,,Nagpur to Portugal
590,Portugal,,Naraina to Portugal
591,Portugal,,Nashik to Portugal
592,Portugal,,New Delhi to Portugal
593,Portugal,,Nizamabad to Portugal
594,Portugal,,Noida to Portugal
595,Portugal,,Okhla to Portugal
596,Portugal,,Panipat to Portugal
597,Portugal,,Paradip to Portugal
598,Portugal,,Patiala to Portugal
599,Portugal,,Pune to Portugal
600,Portugal,,Rajkot to Portugal
601,Portugal,,Rourkela to Portugal
602,Portugal,,Siliguri to Portugal
603,Portugal,,Sonipat to Portugal
604,Portugal,,Surat to Portugal
605,Portugal,,Tirupati to Portugal
606,Portugal,,Tiruppur to Portugal
607,Portugal,,Udaipur to Portugal
608,Portugal,,Vadodara to Portugal
609,Portugal,,Varanasi to Portugal
610,Portugal,,Vijayawada to Portugal
611,Portugal,,Visakhapatnam to Portugal
612,Portugal,,Warangal to Portugal
613,Austria,,Agra to Austria
614,Austria,,Ahmedabad to Austria
615,Austria,,Amritsar to Austria
616,Austria,,Aurangabad to Austria
617,Austria,,Bawana Industrial Area to Austria
618,Austria,,Belagavi to Austria
619,Austria,,Bengaluru to Austria
620,Austria,,Bhilwara to Austria
621,Austria,,Bhopal to Austria
622,Austria,,Bhubaneswar to Austria
623,Austria,,Chennai to Austria
624,Austria,,Coimbatore to Austria
625,Austria,,Cuttack to Austria
626,Austria,,Dewas to Austria
627,Austria,,Dharwad to Austria
628,Austria,,Durgapur to Austria
629,Austria,,Erode to Austria
630,Austria,,Faridabad to Austria
631,Austria,,Gandhidham to Austria
632,Austria,,Gurugram to Austria
633,Austria,,Guntur to Austria
634,Austria,,Gwalior to Austria
635,Austria,,Howrah to Austria
636,Austria,,Hubballi to Austria
637,Austria,,Hyderabad to Austria
638,Austria,,Indore to Austria
639,Austria,,Jabalpur to Austria
640,Austria,,Jaipur to Austria
641,Austria,,Jalandhar to Austria
642,Austria,,Jodhpur to Austria
643,Austria,,Kakinada to Austria
644,Austria,,Kanpur to Austria
645,Austria,,Karimnagar to Austria
646,Austria,,Karnal to Austria
647,Austria,,Kolkata to Austria
648,Austria,,Kota to Austria
649,Austria,,Ludhiana to Austria
650,Austria,,Madurai to Austria
651,Austria,,Mangaluru to Austria
652,Austria,,Mohali to Austria
653,Austria,,Moradabad to Austria
654,Austria,,Mumbai to Austria
655,Austria,,Mundra to Austria
656,Austria,,Mysuru to Austria
657,Austria,,Nagpur to Austria
658,Austria,,Naraina to Austria
659,Austria,,Nashik to Austria
660,Austria,,New Delhi to Austria
661,Austria,,Nizamabad to Austria
662,Austria,,Noida to Austria
663,Austria,,Okhla to Austria
664,Austria,,Panipat to Austria
665,Austria,,Paradip to Austria
666,Austria,,Patiala to Austria
667,Austria,,Pune to Austria
668,Austria,,Rajkot to Austria
669,Austria,,Rourkela to Austria
670,Austria,,Siliguri to Austria
671,Austria,,Sonipat to Austria
672,Austria,,Surat to Austria
673,Austria,,Tirupati to Austria
674,Austria,,Tiruppur to Austria
675,Austria,,Udaipur to Austria
676,Austria,,Vadodara to Austria
677,Austria,,Varanasi to Austria
678,Austria,,Vijayawada to Austria
679,Austria,,Visakhapatnam to Austria
680,Austria,,Warangal to Austria
681,Belgium,,Agra to Belgium
682,Belgium,,Ahmedabad to Belgium
683,Belgium,,Amritsar to Belgium
684,Belgium,,Aurangabad to Belgium
685,Belgium,,Bawana Industrial Area to Belgium
686,Belgium,,Belagavi to Belgium
687,Belgium,,Bengaluru to Belgium
688,Belgium,,Bhilwara to Belgium
689,Belgium,,Bhopal to Belgium
690,Belgium,,Bhubaneswar to Belgium
691,Belgium,,Chennai to Belgium
692,Belgium,,Coimbatore to Belgium
693,Belgium,,Cuttack to Belgium
694,Belgium,,Dewas to Belgium
695,Belgium,,Dharwad to Belgium
696,Belgium,,Durgapur to Belgium
697,Belgium,,Erode to Belgium
698,Belgium,,Faridabad to Belgium
699,Belgium,,Gandhidham to Belgium
700,Belgium,,Gurugram to Belgium
701,Belgium,,Guntur to Belgium
702,Belgium,,Gwalior to Belgium
703,Belgium,,Howrah to Belgium
704,Belgium,,Hubballi to Belgium
705,Belgium,,Hyderabad to Belgium
706,Belgium,,Indore to Belgium
707,Belgium,,Jabalpur to Belgium
708,Belgium,,Jaipur to Belgium
709,Belgium,,Jalandhar to Belgium
710,Belgium,,Jodhpur to Belgium
711,Belgium,,Kakinada to Belgium
712,Belgium,,Kanpur to Belgium
713,Belgium,,Karimnagar to Belgium
714,Belgium,,Karnal to Belgium
715,Belgium,,Kolkata to Belgium
716,Belgium,,Kota to Belgium
717,Belgium,,Ludhiana to Belgium
718,Belgium,,Madurai to Belgium
719,Belgium,,Mangaluru to Belgium
720,Belgium,,Mohali to Belgium
721,Belgium,,Moradabad to Belgium
722,Belgium,,Mumbai to Belgium
723,Belgium,,Mundra to Belgium
724,Belgium,,Mysuru to Belgium
725,Belgium,,Nagpur to Belgium
726,Belgium,,Naraina to Belgium
727,Belgium,,Nashik to Belgium
728,Belgium,,New Delhi to Belgium
729,Belgium,,Nizamabad to Belgium
730,Belgium,,Noida to Belgium
731,Belgium,,Okhla to Belgium
732,Belgium,,Panipat to Belgium
733,Belgium,,Paradip to Belgium
734,Belgium,,Patiala to Belgium
735,Belgium,,Pune to Belgium
736,Belgium,,Rajkot to Belgium
737,Belgium,,Rourkela to Belgium
738,Belgium,,Siliguri to Belgium
739,Belgium,,Sonipat to Belgium
740,Belgium,,Surat to Belgium
741,Belgium,,Tirupati to Belgium
742,Belgium,,Tiruppur to Belgium
743,Belgium,,Udaipur to Belgium
744,Belgium,,Vadodara to Belgium
745,Belgium,,Varanasi to Belgium
746,Belgium,,Vijayawada to Belgium
747,Belgium,,Visakhapatnam to Belgium
748,Belgium,,Warangal to Belgium
749,Bulgaria,,Agra to Bulgaria
750,Bulgaria,,Ahmedabad to Bulgaria
751,Bulgaria,,Amritsar to Bulgaria
752,Bulgaria,,Aurangabad to Bulgaria
753,Bulgaria,,Bawana Industrial Area to Bulgaria
754,Bulgaria,,Belagavi to Bulgaria
755,Bulgaria,,Bengaluru to Bulgaria
756,Bulgaria,,Bhilwara to Bulgaria
757,Bulgaria,,Bhopal to Bulgaria
758,Bulgaria,,Bhubaneswar to Bulgaria
759,Bulgaria,,Chennai to Bulgaria
760,Bulgaria,,Coimbatore to Bulgaria
761,Bulgaria,,Cuttack to Bulgaria
762,Bulgaria,,Dewas to Bulgaria
763,Bulgaria,,Dharwad to Bulgaria
764,Bulgaria,,Durgapur to Bulgaria
765,Bulgaria,,Erode to Bulgaria
766,Bulgaria,,Faridabad to Bulgaria
767,Bulgaria,,Gandhidham to Bulgaria
768,Bulgaria,,Gurugram to Bulgaria
769,Bulgaria,,Guntur to Bulgaria
770,Bulgaria,,Gwalior to Bulgaria
771,Bulgaria,,Howrah to Bulgaria
772,Bulgaria,,Hubballi to Bulgaria
773,Bulgaria,,Hyderabad to Bulgaria
774,Bulgaria,,Indore to Bulgaria
775,Bulgaria,,Jabalpur to Bulgaria
776,Bulgaria,,Jaipur to Bulgaria
777,Bulgaria,,Jalandhar to Bulgaria
778,Bulgaria,,Jodhpur to Bulgaria
779,Bulgaria,,Kakinada to Bulgaria
780,Bulgaria,,Kanpur to Bulgaria
781,Bulgaria,,Karimnagar to Bulgaria
782,Bulgaria,,Karnal to Bulgaria
783,Bulgaria,,Kolkata to Bulgaria
784,Bulgaria,,Kota to Bulgaria
785,Bulgaria,,Ludhiana to Bulgaria
786,Bulgaria,,Madurai to Bulgaria
787,Bulgaria,,Mangaluru to Bulgaria
788,Bulgaria,,Mohali to Bulgaria
789,Bulgaria,,Moradabad to Bulgaria
790,Bulgaria,,Mumbai to Bulgaria
791,Bulgaria,,Mundra to Bulgaria
792,Bulgaria,,Mysuru to Bulgaria
793,Bulgaria,,Nagpur to Bulgaria
794,Bulgaria,,Naraina to Bulgaria
795,Bulgaria,,Nashik to Bulgaria
796,Bulgaria,,New Delhi to Bulgaria
797,Bulgaria,,Nizamabad to Bulgaria
798,Bulgaria,,Noida to Bulgaria
799,Bulgaria,,Okhla to Bulgaria
800,Bulgaria,,Panipat to Bulgaria
801,Bulgaria,,Paradip to Bulgaria
802,Bulgaria,,Patiala to Bulgaria
803,Bulgaria,,Pune to Bulgaria
804,Bulgaria,,Rajkot to Bulgaria
805,Bulgaria,,Rourkela to Bulgaria
806,Bulgaria,,Siliguri to Bulgaria
807,Bulgaria,,Sonipat to Bulgaria
808,Bulgaria,,Surat to Bulgaria
809,Bulgaria,,Tirupati to Bulgaria
810,Bulgaria,,Tiruppur to Bulgaria
811,Bulgaria,,Udaipur to Bulgaria
812,Bulgaria,,Vadodara to Bulgaria
813,Bulgaria,,Varanasi to Bulgaria
814,Bulgaria,,Vijayawada to Bulgaria
815,Bulgaria,,Visakhapatnam to Bulgaria
816,Bulgaria,,Warangal to Bulgaria
817,Croatia,,Agra to Croatia
818,Croatia,,Ahmedabad to Croatia
819,Croatia,,Amritsar to Croatia
820,Croatia,,Aurangabad to Croatia
821,Croatia,,Bawana Industrial Area to Croatia
822,Croatia,,Belagavi to Croatia
823,Croatia,,Bengaluru to Croatia
824,Croatia,,Bhilwara to Croatia
825,Croatia,,Bhopal to Croatia
826,Croatia,,Bhubaneswar to Croatia
827,Croatia,,Chennai to Croatia
828,Croatia,,Coimbatore to Croatia
829,Croatia,,Cuttack to Croatia
830,Croatia,,Dewas to Croatia
831,Croatia,,Dharwad to Croatia
832,Croatia,,Durgapur to Croatia
833,Croatia,,Erode to Croatia
834,Croatia,,Faridabad to Croatia
835,Croatia,,Gandhidham to Croatia
836,Croatia,,Gurugram to Croatia
837,Croatia,,Guntur to Croatia
838,Croatia,,Gwalior to Croatia
839,Croatia,,Howrah to Croatia
840,Croatia,,Hubballi to Croatia
841,Croatia,,Hyderabad to Croatia
842,Croatia,,Indore to Croatia
843,Croatia,,Jabalpur to Croatia
844,Croatia,,Jaipur to Croatia
845,Croatia,,Jalandhar to Croatia
846,Croatia,,Jodhpur to Croatia
847,Croatia,,Kakinada to Croatia
848,Croatia,,Kanpur to Croatia
849,Croatia,,Karimnagar to Croatia
850,Croatia,,Karnal to Croatia
851,Croatia,,Kolkata to Croatia
852,Croatia,,Kota to Croatia
853,Croatia,,Ludhiana to Croatia
854,Croatia,,Madurai to Croatia
855,Croatia,,Mangaluru to Croatia
856,Croatia,,Mohali to Croatia
857,Croatia,,Moradabad to Croatia
858,Croatia,,Mumbai to Croatia
859,Croatia,,Mundra to Croatia
860,Croatia,,Mysuru to Croatia
861,Croatia,,Nagpur to Croatia
862,Croatia,,Naraina to Croatia
863,Croatia,,Nashik to Croatia
864,Croatia,,New Delhi to Croatia
865,Croatia,,Nizamabad to Croatia
866,Croatia,,Noida to Croatia
867,Croatia,,Okhla to Croatia
868,Croatia,,Panipat to Croatia
869,Croatia,,Paradip to Croatia
870,Croatia,,Patiala to Croatia
871,Croatia,,Pune to Croatia
872,Croatia,,Rajkot to Croatia
873,Croatia,,Rourkela to Croatia
874,Croatia,,Siliguri to Croatia
875,Croatia,,Sonipat to Croatia
876,Croatia,,Surat to Croatia
877,Croatia,,Tirupati to Croatia
878,Croatia,,Tiruppur to Croatia
879,Croatia,,Udaipur to Croatia
880,Croatia,,Vadodara to Croatia
881,Croatia,,Varanasi to Croatia
882,Croatia,,Vijayawada to Croatia
883,Croatia,,Visakhapatnam to Croatia
884,Croatia,,Warangal to Croatia
885,Czech Republic,,Agra to Czech Republic
886,Czech Republic,,Ahmedabad to Czech Republic
887,Czech Republic,,Amritsar to Czech Republic
888,Czech Republic,,Aurangabad to Czech Republic
889,Czech Republic,,Bawana Industrial Area to Czech Republic
890,Czech Republic,,Belagavi to Czech Republic
891,Czech Republic,,Bengaluru to Czech Republic
892,Czech Republic,,Bhilwara to Czech Republic
893,Czech Republic,,Bhopal to Czech Republic
894,Czech Republic,,Bhubaneswar to Czech Republic
895,Czech Republic,,Chennai to Czech Republic
896,Czech Republic,,Coimbatore to Czech Republic
897,Czech Republic,,Cuttack to Czech Republic
898,Czech Republic,,Dewas to Czech Republic
899,Czech Republic,,Dharwad to Czech Republic
900,Czech Republic,,Durgapur to Czech Republic
901,Czech Republic,,Erode to Czech Republic
902,Czech Republic,,Faridabad to Czech Republic
903,Czech Republic,,Gandhidham to Czech Republic
904,Czech Republic,,Gurugram to Czech Republic
905,Czech Republic,,Guntur to Czech Republic
906,Czech Republic,,Gwalior to Czech Republic
907,Czech Republic,,Howrah to Czech Republic
908,Czech Republic,,Hubballi to Czech Republic
909,Czech Republic,,Hyderabad to Czech Republic
910,Czech Republic,,Indore to Czech Republic
911,Czech Republic,,Jabalpur to Czech Republic
912,Czech Republic,,Jaipur to Czech Republic
913,Czech Republic,,Jalandhar to Czech Republic
914,Czech Republic,,Jodhpur to Czech Republic
915,Czech Republic,,Kakinada to Czech Republic
916,Czech Republic,,Kanpur to Czech Republic
917,Czech Republic,,Karimnagar to Czech Republic
918,Czech Republic,,Karnal to Czech Republic
919,Czech Republic,,Kolkata to Czech Republic
920,Czech Republic,,Kota to Czech Republic
921,Czech Republic,,Ludhiana to Czech Republic
922,Czech Republic,,Madurai to Czech Republic
923,Czech Republic,,Mangaluru to Czech Republic
924,Czech Republic,,Mohali to Czech Republic
925,Czech Republic,,Moradabad to Czech Republic
926,Czech Republic,,Mumbai to Czech Republic
927,Czech Republic,,Mundra to Czech Republic
928,Czech Republic,,Mysuru to Czech Republic
929,Czech Republic,,Nagpur to Czech Republic
930,Czech Republic,,Naraina to Czech Republic
931,Czech Republic,,Nashik to Czech Republic
932,Czech Republic,,New Delhi to Czech Republic
933,Czech Republic,,Nizamabad to Czech Republic
934,Czech Republic,,Noida to Czech Republic
935,Czech Republic,,Okhla to Czech Republic
936,Czech Republic,,Panipat to Czech Republic
937,Czech Republic,,Paradip to Czech Republic
938,Czech Republic,,Patiala to Czech Republic
939,Czech Republic,,Pune to Czech Republic
940,Czech Republic,,Rajkot to Czech Republic
941,Czech Republic,,Rourkela to Czech Republic
942,Czech Republic,,Siliguri to Czech Republic
943,Czech Republic,,Sonipat to Czech Republic
944,Czech Republic,,Surat to Czech Republic
945,Czech Republic,,Tirupati to Czech Republic
946,Czech Republic,,Tiruppur to Czech Republic
947,Czech Republic,,Udaipur to Czech Republic
948,Czech Republic,,Vadodara to Czech Republic
949,Czech Republic,,Varanasi to Czech Republic
950,Czech Republic,,Vijayawada to Czech Republic
951,Czech Republic,,Visakhapatnam to Czech Republic
952,Czech Republic,,Warangal to Czech Republic
953,Denmark,Agra,Agra to Denmark
954,Denmark,Ahmedabad,Ahmedabad to Denmark
955,Denmark,Amritsar,Amritsar to Denmark
956,Denmark,Aurangabad,Aurangabad to Denmark
957,Denmark,Bawana Industrial Area,Bawana Industrial Area to Denmark
958,Denmark,Belagavi,Belagavi to Denmark
959,Denmark,Bengaluru,Bengaluru to Denmark
960,Denmark,Bhilwara,Bhilwara to Denmark
961,Denmark,Bhopal,Bhopal to Denmark
962,Denmark,Bhubaneswar,Bhubaneswar to Denmark
963,Denmark,Chennai,Chennai to Denmark
964,Denmark,Coimbatore,Coimbatore to Denmark
965,Denmark,Cuttack,Cuttack to Denmark
966,Denmark,Dewas,Dewas to Denmark
967,Denmark,Dharwad,Dharwad to Denmark
968,Denmark,Durgapur,Durgapur to Denmark
969,Denmark,Erode,Erode to Denmark
970,Denmark,Faridabad,Faridabad to Denmark
971,Denmark,Gandhidham,Gandhidham to Denmark
972,Denmark,Gurugram,Gurugram to Denmark
973,Denmark,Guntur,Guntur to Denmark
974,Denmark,Gwalior,Gwalior to Denmark
975,Denmark,Howrah,Howrah to Denmark
976,Denmark,Hubballi,Hubballi to Denmark
977,Denmark,Hyderabad,Hyderabad to Denmark
978,Denmark,Indore,Indore to Denmark
979,Denmark,Jabalpur,Jabalpur to Denmark
980,Denmark,Jaipur,Jaipur to Denmark
981,Denmark,Jalandhar,Jalandhar to Denmark
982,Denmark,Jodhpur,Jodhpur to Denmark
983,Denmark,Kakinada,Kakinada to Denmark
984,Denmark,Kanpur,Kanpur to Denmark
985,Denmark,Karimnagar,Karimnagar to Denmark
986,Denmark,Karnal,Karnal to Denmark
987,Denmark,Kolkata,Kolkata to Denmark
988,Denmark,Kota,Kota to Denmark
989,Denmark,Ludhiana,Ludhiana to Denmark
990,Denmark,Madurai,Madurai to Denmark
991,Denmark,Mangaluru,Mangaluru to Denmark
992,Denmark,Mohali,Mohali to Denmark
993,Denmark,Moradabad,Moradabad to Denmark
994,Denmark,Mumbai,Mumbai to Denmark
995,Denmark,Mundra,Mundra to Denmark
996,Denmark,Mysuru,Mysuru to Denmark
997,Denmark,Nagpur,Nagpur to Denmark
998,Denmark,Naraina,Naraina to Denmark
999,Denmark,Nashik,Nashik to Denmark
1000,Denmark,New Delhi,New Delhi to Denmark
1001,Denmark,Nizamabad,Nizamabad to Denmark
1002,Denmark,Noida,Noida to Denmark
1003,Denmark,Okhla,Okhla to Denmark
1004,Denmark,Panipat,Panipat to Denmark
1005,Denmark,Paradip,Paradip to Denmark
1006,Denmark,Patiala,Patiala to Denmark
1007,Denmark,Pune,Pune to Denmark
1008,Denmark,Rajkot,Rajkot to Denmark
1009,Denmark,Rourkela,Rourkela to Denmark
1010,Denmark,Siliguri,Siliguri to Denmark
1011,Denmark,Sonipat,Sonipat to Denmark
1012,Denmark,Surat,Surat to Denmark
1013,Denmark,Tirupati,Tirupati to Denmark
1014,Denmark,Tiruppur,Tiruppur to Denmark
1015,Denmark,Udaipur,Udaipur to Denmark
1016,Denmark,Vadodara,Vadodara to Denmark
1017,Denmark,Varanasi,Varanasi to Denmark
1018,Denmark,Vijayawada,Vijayawada to Denmark
1019,Denmark,Visakhapatnam,Visakhapatnam to Denmark
1020,Denmark,Warangal,Warangal to Denmark
1021,Estonia,Agra,Agra to Estonia
1022,Estonia,Ahmedabad,Ahmedabad to Estonia
1023,Estonia,Amritsar,Amritsar to Estonia
1024,Estonia,Aurangabad,Aurangabad to Estonia
1025,Estonia,Bawana Industrial Area,Bawana Industrial Area to Estonia
1026,Estonia,Belagavi,Belagavi to Estonia
1027,Estonia,Bengaluru,Bengaluru to Estonia
1028,Estonia,Bhilwara,Bhilwara to Estonia
1029,Estonia,Bhopal,Bhopal to Estonia
1030,Estonia,Bhubaneswar,Bhubaneswar to Estonia
1031,Estonia,Chennai,Chennai to Estonia
1032,Estonia,Coimbatore,Coimbatore to Estonia
1033,Estonia,Cuttack,Cuttack to Estonia
1034,Estonia,Dewas,Dewas to Estonia
1035,Estonia,Dharwad,Dharwad to Estonia
1036,Estonia,Durgapur,Durgapur to Estonia
1037,Estonia,Erode,Erode to Estonia
1038,Estonia,Faridabad,Faridabad to Estonia
1039,Estonia,Gandhidham,Gandhidham to Estonia
1040,Estonia,Gurugram,Gurugram to Estonia
1041,Estonia,Guntur,Guntur to Estonia
1042,Estonia,Gwalior,Gwalior to Estonia
1043,Estonia,Howrah,Howrah to Estonia
1044,Estonia,Hubballi,Hubballi to Estonia
1045,Estonia,Hyderabad,Hyderabad to Estonia
1046,Estonia,Indore,Indore to Estonia
1047,Estonia,Jabalpur,Jabalpur to Estonia
1048,Estonia,Jaipur,Jaipur to Estonia
1049,Estonia,Jalandhar,Jalandhar to Estonia
1050,Estonia,Jodhpur,Jodhpur to Estonia
1051,Estonia,Kakinada,Kakinada to Estonia
1052,Estonia,Kanpur,Kanpur to Estonia
1053,Estonia,Karimnagar,Karimnagar to Estonia
1054,Estonia,Karnal,Karnal to Estonia
1055,Estonia,Kolkata,Kolkata to Estonia
1056,Estonia,Kota,Kota to Estonia
1057,Estonia,Ludhiana,Ludhiana to Estonia
1058,Estonia,Madurai,Madurai to Estonia
1059,Estonia,Mangaluru,Mangaluru to Estonia
1060,Estonia,Mohali,Mohali to Estonia
1061,Estonia,Moradabad,Moradabad to Estonia
1062,Estonia,Mumbai,Mumbai to Estonia
1063,Estonia,Mundra,Mundra to Estonia
1064,Estonia,Mysuru,Mysuru to Estonia
1065,Estonia,Nagpur,Nagpur to Estonia
1066,Estonia,Naraina,Naraina to Estonia
1067,Estonia,Nashik,Nashik to Estonia
1068,Estonia,New Delhi,New Delhi to Estonia
1069,Estonia,Nizamabad,Nizamabad to Estonia
1070,Estonia,Noida,Noida to Estonia
1071,Estonia,Okhla,Okhla to Estonia
1072,Estonia,Panipat,Panipat to Estonia
1073,Estonia,Paradip,Paradip to Estonia
1074,Estonia,Patiala,Patiala to Estonia
1075,Estonia,Pune,Pune to Estonia
1076,Estonia,Rajkot,Rajkot to Estonia
1077,Estonia,Rourkela,Rourkela to Estonia
1078,Estonia,Siliguri,Siliguri to Estonia
1079,Estonia,Sonipat,Sonipat to Estonia
1080,Estonia,Surat,Surat to Estonia
1081,Estonia,Tirupati,Tirupati to Estonia
1082,Estonia,Tiruppur,Tiruppur to Estonia
1083,Estonia,Udaipur,Udaipur to Estonia
1084,Estonia,Vadodara,Vadodara to Estonia
1085,Estonia,Varanasi,Varanasi to Estonia
1086,Estonia,Vijayawada,Vijayawada to Estonia
1087,Estonia,Visakhapatnam,Visakhapatnam to Estonia
1088,Estonia,Warangal,Warangal to Estonia
1089,Finland,Agra,Agra to Finland
1090,Finland,Ahmedabad,Ahmedabad to Finland
1091,Finland,Amritsar,Amritsar to Finland
1092,Finland,Aurangabad,Aurangabad to Finland
1093,Finland,Bawana Industrial Area,Bawana Industrial Area to Finland
1094,Finland,Belagavi,Belagavi to Finland
1095,Finland,Bengaluru,Bengaluru to Finland
1096,Finland,Bhilwara,Bhilwara to Finland
1097,Finland,Bhopal,Bhopal to Finland
1098,Finland,Bhubaneswar,Bhubaneswar to Finland
1099,Finland,Chennai,Chennai to Finland
1100,Finland,Coimbatore,Coimbatore to Finland
1101,Finland,Cuttack,Cuttack to Finland
1102,Finland,Dewas,Dewas to Finland
1103,Finland,Dharwad,Dharwad to Finland
1104,Finland,Durgapur,Durgapur to Finland
1105,Finland,Erode,Erode to Finland
1106,Finland,Faridabad,Faridabad to Finland
1107,Finland,Gandhidham,Gandhidham to Finland
1108,Finland,Gurugram,Gurugram to Finland
1109,Finland,Guntur,Guntur to Finland
1110,Finland,Gwalior,Gwalior to Finland
1111,Finland,Howrah,Howrah to Finland
1112,Finland,Hubballi,Hubballi to Finland
1113,Finland,Hyderabad,Hyderabad to Finland
1114,Finland,Indore,Indore to Finland
1115,Finland,Jabalpur,Jabalpur to Finland
1116,Finland,Jaipur,Jaipur to Finland
1117,Finland,Jalandhar,Jalandhar to Finland
1118,Finland,Jodhpur,Jodhpur to Finland
1119,Finland,Kakinada,Kakinada to Finland
1120,Finland,Kanpur,Kanpur to Finland
1121,Finland,Karimnagar,Karimnagar to Finland
1122,Finland,Karnal,Karnal to Finland
1123,Finland,Kolkata,Kolkata to Finland
1124,Finland,Kota,Kota to Finland
1125,Finland,Ludhiana,Ludhiana to Finland
1126,Finland,Madurai,Madurai to Finland
1127,Finland,Mangaluru,Mangaluru to Finland
1128,Finland,Mohali,Mohali to Finland
1129,Finland,Moradabad,Moradabad to Finland
1130,Finland,Mumbai,Mumbai to Finland
1131,Finland,Mundra,Mundra to Finland
1132,Finland,Mysuru,Mysuru to Finland
1133,Finland,Nagpur,Nagpur to Finland
1134,Finland,Naraina,Naraina to Finland
1135,Finland,Nashik,Nashik to Finland
1136,Finland,New Delhi,New Delhi to Finland
1137,Finland,Nizamabad,Nizamabad to Finland
1138,Finland,Noida,Noida to Finland
1139,Finland,Okhla,Okhla to Finland
1140,Finland,Panipat,Panipat to Finland
1141,Finland,Paradip,Paradip to Finland
1142,Finland,Patiala,Patiala to Finland
1143,Finland,Pune,Pune to Finland
1144,Finland,Rajkot,Rajkot to Finland
1145,Finland,Rourkela,Rourkela to Finland
1146,Finland,Siliguri,Siliguri to Finland
1147,Finland,Sonipat,Sonipat to Finland
1148,Finland,Surat,Surat to Finland
1149,Finland,Tirupati,Tirupati to Finland
1150,Finland,Tiruppur,Tiruppur to Finland
1151,Finland,Udaipur,Udaipur to Finland
1152,Finland,Vadodara,Vadodara to Finland
1153,Finland,Varanasi,Varanasi to Finland
1154,Finland,Vijayawada,Vijayawada to Finland
1155,Finland,Visakhapatnam,Visakhapatnam to Finland
1156,Finland,Warangal,Warangal to Finland
1157,Greece,Agra,Agra to Greece
1158,Greece,Ahmedabad,Ahmedabad to Greece
1159,Greece,Amritsar,Amritsar to Greece
1160,Greece,Aurangabad,Aurangabad to Greece
1161,Greece,Bawana Industrial Area,Bawana Industrial Area to Greece
1162,Greece,Belagavi,Belagavi to Greece
1163,Greece,Bengaluru,Bengaluru to Greece
1164,Greece,Bhilwara,Bhilwara to Greece
1165,Greece,Bhopal,Bhopal to Greece
1166,Greece,Bhubaneswar,Bhubaneswar to Greece
1167,Greece,Chennai,Chennai to Greece
1168,Greece,Coimbatore,Coimbatore to Greece
1169,Greece,Cuttack,Cuttack to Greece
1170,Greece,Dewas,Dewas to Greece
1171,Greece,Dharwad,Dharwad to Greece
1172,Greece,Durgapur,Durgapur to Greece
1173,Greece,Erode,Erode to Greece
1174,Greece,Faridabad,Faridabad to Greece
1175,Greece,Gandhidham,Gandhidham to Greece
1176,Greece,Gurugram,Gurugram to Greece
1177,Greece,Guntur,Guntur to Greece
1178,Greece,Gwalior,Gwalior to Greece
1179,Greece,Howrah,Howrah to Greece
1180,Greece,Hubballi,Hubballi to Greece
1181,Greece,Hyderabad,Hyderabad to Greece
1182,Greece,Indore,Indore to Greece
1183,Greece,Jabalpur,Jabalpur to Greece
1184,Greece,Jaipur,Jaipur to Greece
1185,Greece,Jalandhar,Jalandhar to Greece
1186,Greece,Jodhpur,Jodhpur to Greece
1187,Greece,Kakinada,Kakinada to Greece
1188,Greece,Kanpur,Kanpur to Greece
1189,Greece,Karimnagar,Karimnagar to Greece
1190,Greece,Karnal,Karnal to Greece
1191,Greece,Kolkata,Kolkata to Greece
1192,Greece,Kota,Kota to Greece
1193,Greece,Ludhiana,Ludhiana to Greece
1194,Greece,Madurai,Madurai to Greece
1195,Greece,Mangaluru,Mangaluru to Greece
1196,Greece,Mohali,Mohali to Greece
1197,Greece,Moradabad,Moradabad to Greece
1198,Greece,Mumbai,Mumbai to Greece
1199,Greece,Mundra,Mundra to Greece
1200,Greece,Mysuru,Mysuru to Greece
1201,Greece,Nagpur,Nagpur to Greece
1202,Greece,Naraina,Naraina to Greece
1203,Greece,Nashik,Nashik to Greece
1204,Greece,New Delhi,New Delhi to Greece
1205,Greece,Nizamabad,Nizamabad to Greece
1206,Greece,Noida,Noida to Greece
1207,Greece,Okhla,Okhla to Greece
1208,Greece,Panipat,Panipat to Greece
1209,Greece,Paradip,Paradip to Greece
1210,Greece,Patiala,Patiala to Greece
1211,Greece,Pune,Pune to Greece
1212,Greece,Rajkot,Rajkot to Greece
1213,Greece,Rourkela,Rourkela to Greece
1214,Greece,Siliguri,Siliguri to Greece
1215,Greece,Sonipat,Sonipat to Greece
1216,Greece,Surat,Surat to Greece
1217,Greece,Tirupati,Tirupati to Greece
1218,Greece,Tiruppur,Tiruppur to Greece
1219,Greece,Udaipur,Udaipur to Greece
1220,Greece,Vadodara,Vadodara to Greece
1221,Greece,Varanasi,Varanasi to Greece
1222,Greece,Vijayawada,Vijayawada to Greece
1223,Greece,Visakhapatnam,Visakhapatnam to Greece
1224,Greece,Warangal,Warangal to Greece
