S_no,Country,City,Country (c),City (Repeat),City to country name,Images_link,Wordpress_id,Reference_image(Country),Reference_image_india
1,US,Agra,US,Agra,Agra to US,,,,
2,UAE,Ahmedabad,US,Ahmedabad,Ahmedabad to US,,,,
3,Europe,Amritsar,US,Amritsar,Amritsar to US,,,,
4,Germany,Aurangabad,US,Aurangabad,Aurangabad to US,,,,
5,UK,Bawana Industrial Area,US,Bawana Industrial Area,Bawana Industrial Area to US,,,,
6,Canada,Belagavi,US,Belagavi,Belagavi to US,,,,
7,France,Bengaluru,US,Bengaluru,Bengaluru to US,,,,
8,Italy,Bhilwara,US,Bhilwara,Bhilwara to US,,,,
9,Portugal,Bhopal,US,Bhopal,Bhopal to US,,,,
10,Austria,Bhubaneswar,US,Bhubaneswar,Bhubaneswar to US,,,,
11,Belgium,Chennai,US,Chennai,Chennai to US,,,,
12,Bulgaria,Coimbatore,US,Coimbatore,Coimbatore to US,,,,
13,Croatia,Cuttack,US,Cuttack,Cuttack to US,,,,
14,Czech Republic,Dewas,US,Dewas,Dewas to US,,,,
15,,Dharwad,US,Dharwad,Dharwad to US,,,,
16,,Durgapur,US,Durgapur,Durgapur to US,,,,
17,,Erode,US,Erode,Erode to US,,,,
18,,Faridabad,US,Faridabad,Faridabad to US,,,,
19,,Gandhidham,US,Gandhidham,Gandhidham to US,,,,
20,,Gurugram,US,Gurugram,Gurugram to US,,,,
21,,Guntur,US,Guntur,Guntur to US,,,,
22,,Gwalior,US,Gwalior,Gwalior to US,,,,
23,,Howrah,US,Howrah,Howrah to US,,,,
24,,Hubballi,US,Hubballi,Hubballi to US,,,,
25,,Hyderabad,US,Hyderabad,Hyderabad to US,,,,
26,,Indore,US,Indore,Indore to US,,,,
27,,Jabalpur,US,Jabalpur,Jabalpur to US,,,,
28,,Jaipur,US,Jaipur,Jaipur to US,,,,
29,,Jalandhar,US,Jalandhar,Jalandhar to US,,,,
30,,Jodhpur,US,Jodhpur,Jodhpur to US,,,,
31,,Kakinada,US,Kakinada,Kakinada to US,,,,
32,,Kanpur,US,Kanpur,Kanpur to US,,,,
33,,Karimnagar,US,Karimnagar,Karimnagar to US,,,,
34,,Karnal,US,Karnal,Karnal to US,,,,
35,,Kolkata,US,Kolkata,Kolkata to US,,,,
36,,Kota,US,Kota,Kota to US,,,,
37,,Ludhiana,US,Ludhiana,Ludhiana to US,,,,
38,,Madurai,US,Madurai,Madurai to US,,,,
39,,Mangaluru,US,Mangaluru,Mangaluru to US,,,,
40,,Mohali,US,Mohali,Mohali to US,,,,
41,,Moradabad,US,Moradabad,Moradabad to US,,,,
42,,Mumbai,US,Mumbai,Mumbai to US,,,,
43,,Mundra,US,Mundra,Mundra to US,,,,
44,,Mysuru,US,Mysuru,Mysuru to US,,,,
45,,Nagpur,US,Nagpur,Nagpur to US,,,,
46,,Naraina,US,Naraina,Naraina to US,,,,
47,,Nashik,US,Nashik,Nashik to US,,,,
48,,New Delhi,US,New Delhi,New Delhi to US,,,,
49,,Nizamabad,US,Nizamabad,Nizamabad to US,,,,
50,,Noida,US,Noida,Noida to US,,,,
51,,Okhla,US,Okhla,Okhla to US,,,,
52,,Panipat,US,Panipat,Panipat to US,,,,
53,,Paradip,US,Paradip,Paradip to US,,,,
54,,Patiala,US,Patiala,Patiala to US,,,,
55,,Pune,US,Pune,Pune to US,,,,
56,,Rajkot,US,Rajkot,Rajkot to US,,,,
57,,Rourkela,US,Rourkela,Rourkela to US,,,,
58,,Siliguri,US,Siliguri,Siliguri to US,,,,
59,,Sonipat,US,Sonipat,Sonipat to US,,,,
60,,Surat,US,Surat,Surat to US,,,,
61,,Tirupati,US,Tirupati,Tirupati to US,,,,
62,,Tiruppur,US,Tiruppur,Tiruppur to US,,,,
63,,Udaipur,US,Udaipur,Udaipur to US,,,,
64,,Vadodara,US,Vadodara,Vadodara to US,,,,
65,,Varanasi,US,Varanasi,Varanasi to US,,,,
66,,Vijayawada,US,Vijayawada,Vijayawada to US,,,,
67,,Visakhapatnam,US,Visakhapatnam,Visakhapatnam to US,,,,
68,,Warangal,US,Warangal,Warangal to US,,,,
69,,,UAE,Agra,Agra to UAE,,,,
70,,,UAE,Ahmedabad,Ahmedabad to UAE,,,,
71,,,UAE,Amritsar,Amritsar to UAE,,,,
72,,,UAE,Aurangabad,Aurangabad to UAE,,,,
73,,,UAE,Bawana Industrial Area,Bawana Industrial Area to UAE,,,,
74,,,UAE,Belagavi,Belagavi to UAE,,,,
75,,,UAE,Bengaluru,Bengaluru to UAE,,,,
76,,,UAE,Bhilwara,Bhilwara to UAE,,,,
77,,,UAE,Bhopal,Bhopal to UAE,,,,
78,,,UAE,Bhubaneswar,Bhubaneswar to UAE,,,,
79,,,UAE,Chennai,Chennai to UAE,,,,
80,,,UAE,Coimbatore,Coimbatore to UAE,,,,
81,,,UAE,Cuttack,Cuttack to UAE,,,,
82,,,UAE,Dewas,Dewas to UAE,,,,
83,,,UAE,Dharwad,Dharwad to UAE,,,,
84,,,UAE,Durgapur,Durgapur to UAE,,,,
85,,,UAE,Erode,Erode to UAE,,,,
86,,,UAE,Faridabad,Faridabad to UAE,,,,
87,,,UAE,Gandhidham,Gandhidham to UAE,,,,
88,,,UAE,Gurugram,Gurugram to UAE,,,,
89,,,UAE,Guntur,Guntur to UAE,,,,
90,,,UAE,Gwalior,Gwalior to UAE,,,,
91,,,UAE,Howrah,Howrah to UAE,,,,
92,,,UAE,Hubballi,Hubballi to UAE,,,,
93,,,UAE,Hyderabad,Hyderabad to UAE,,,,
94,,,UAE,Indore,Indore to UAE,,,,
95,,,UAE,Jabalpur,Jabalpur to UAE,,,,
96,,,UAE,Jaipur,Jaipur to UAE,,,,
97,,,UAE,Jalandhar,Jalandhar to UAE,,,,
98,,,UAE,Jodhpur,Jodhpur to UAE,,,,
99,,,UAE,Kakinada,Kakinada to UAE,,,,
100,,,UAE,Kanpur,Kanpur to UAE,,,,
101,,,UAE,Karimnagar,Karimnagar to UAE,,,,
102,,,UAE,Karnal,Karnal to UAE,,,,
103,,,UAE,Kolkata,Kolkata to UAE,,,,
104,,,UAE,Kota,Kota to UAE,,,,
105,,,UAE,Ludhiana,Ludhiana to UAE,,,,
106,,,UAE,Madurai,Madurai to UAE,,,,
107,,,UAE,Mangaluru,Mangaluru to UAE,,,,
108,,,UAE,Mohali,Mohali to UAE,,,,
109,,,UAE,Moradabad,Moradabad to UAE,,,,
110,,,UAE,Mumbai,Mumbai to UAE,,,,
111,,,UAE,Mundra,Mundra to UAE,,,,
112,,,UAE,Mysuru,Mysuru to UAE,,,,
113,,,UAE,Nagpur,Nagpur to UAE,,,,
114,,,UAE,Naraina,Naraina to UAE,,,,
115,,,UAE,Nashik,Nashik to UAE,,,,
116,,,UAE,New Delhi,New Delhi to UAE,,,,
117,,,UAE,Nizamabad,Nizamabad to UAE,,,,
118,,,UAE,Noida,Noida to UAE,,,,
119,,,UAE,Okhla,Okhla to UAE,,,,
120,,,UAE,Panipat,Panipat to UAE,,,,
121,,,UAE,Paradip,Paradip to UAE,,,,
122,,,UAE,Patiala,Patiala to UAE,,,,
123,,,UAE,Pune,Pune to UAE,,,,
124,,,UAE,Rajkot,Rajkot to UAE,,,,
125,,,UAE,Rourkela,Rourkela to UAE,,,,
126,,,UAE,Siliguri,Siliguri to UAE,,,,
127,,,UAE,Sonipat,Sonipat to UAE,,,,
128,,,UAE,Surat,Surat to UAE,,,,
129,,,UAE,Tirupati,Tirupati to UAE,,,,
130,,,UAE,Tiruppur,Tiruppur to UAE,,,,
131,,,UAE,Udaipur,Udaipur to UAE,,,,
132,,,UAE,Vadodara,Vadodara to UAE,,,,
133,,,UAE,Varanasi,Varanasi to UAE,,,,
134,,,UAE,Vijayawada,Vijayawada to UAE,,,,
135,,,UAE,Visakhapatnam,Visakhapatnam to UAE,,,,
136,,,UAE,Warangal,Warangal to UAE,,,,
137,,,Europe,Agra,Agra to Europe,,,,
138,,,Europe,Ahmedabad,Ahmedabad to Europe,,,,
139,,,Europe,Amritsar,Amritsar to Europe,,,,
140,,,Europe,Aurangabad,Aurangabad to Europe,,,,
141,,,Europe,Bawana Industrial Area,Bawana Industrial Area to Europe,,,,
142,,,Europe,Belagavi,Belagavi to Europe,,,,
143,,,Europe,Bengaluru,Bengaluru to Europe,,,,
144,,,Europe,Bhilwara,Bhilwara to Europe,,,,
145,,,Europe,Bhopal,Bhopal to Europe,,,,
146,,,Europe,Bhubaneswar,Bhubaneswar to Europe,,,,
147,,,Europe,Chennai,Chennai to Europe,,,,
148,,,Europe,Coimbatore,Coimbatore to Europe,,237,,
149,,,Europe,Cuttack,Cuttack to Europe,,,,
150,,,Europe,Dewas,Dewas to Europe,,,,
151,,,Europe,Dharwad,Dharwad to Europe,,,,
152,,,Europe,Durgapur,Durgapur to Europe,,,,
153,,,Europe,Erode,Erode to Europe,,,,
154,,,Europe,Faridabad,Faridabad to Europe,,,,
155,,,Europe,Gandhidham,Gandhidham to Europe,,,,
156,,,Europe,Gurugram,Gurugram to Europe,,,,
157,,,Europe,Guntur,Guntur to Europe,,,,
158,,,Europe,Gwalior,Gwalior to Europe,,,,
159,,,Europe,Howrah,Howrah to Europe,,,,
160,,,Europe,Hubballi,Hubballi to Europe,,,,
161,,,Europe,Hyderabad,Hyderabad to Europe,,,,
162,,,Europe,Indore,Indore to Europe,,,,
163,,,Europe,Jabalpur,Jabalpur to Europe,,,,
164,,,Europe,Jaipur,Jaipur to Europe,,,,
165,,,Europe,Jalandhar,Jalandhar to Europe,,,,
166,,,Europe,Jodhpur,Jodhpur to Europe,,,,
167,,,Europe,Kakinada,Kakinada to Europe,,,,
168,,,Europe,Kanpur,Kanpur to Europe,,,,
169,,,Europe,Karimnagar,Karimnagar to Europe,,,,
170,,,Europe,Karnal,Karnal to Europe,,,,
171,,,Europe,Kolkata,Kolkata to Europe,,,,
172,,,Europe,Kota,Kota to Europe,,,,
173,,,Europe,Ludhiana,Ludhiana to Europe,,,,
174,,,Europe,Madurai,Madurai to Europe,,,,
175,,,Europe,Mangaluru,Mangaluru to Europe,,,,
176,,,Europe,Mohali,Mohali to Europe,,,,
177,,,Europe,Moradabad,Moradabad to Europe,,,,
178,,,Europe,Mumbai,Mumbai to Europe,,,,
179,,,Europe,Mundra,Mundra to Europe,,,,
180,,,Europe,Mysuru,Mysuru to Europe,,,,
181,,,Europe,Nagpur,Nagpur to Europe,,,,
182,,,Europe,Naraina,Naraina to Europe,,,,
183,,,Europe,Nashik,Nashik to Europe,,,,
184,,,Europe,New Delhi,New Delhi to Europe,,,,
185,,,Europe,Nizamabad,Nizamabad to Europe,,,,
186,,,Europe,Noida,Noida to Europe,,,,
187,,,Europe,Okhla,Okhla to Europe,,,,
188,,,Europe,Panipat,Panipat to Europe,,,,
189,,,Europe,Paradip,Paradip to Europe,,,,
190,,,Europe,Patiala,Patiala to Europe,,,,
191,,,Europe,Pune,Pune to Europe,,,,
192,,,Europe,Rajkot,Rajkot to Europe,,,,
193,,,Europe,Rourkela,Rourkela to Europe,,,,
194,,,Europe,Siliguri,Siliguri to Europe,,,,
195,,,Europe,Sonipat,Sonipat to Europe,,,,
196,,,Europe,Surat,Surat to Europe,,,,
197,,,Europe,Tirupati,Tirupati to Europe,,,,
198,,,Europe,Tiruppur,Tiruppur to Europe,,,,
199,,,Europe,Udaipur,Udaipur to Europe,,,,
200,,,Europe,Vadodara,Vadodara to Europe,,,,
201,,,Europe,Varanasi,Varanasi to Europe,,,,
202,,,Europe,Vijayawada,Vijayawada to Europe,,,,
203,,,Europe,Visakhapatnam,Visakhapatnam to Europe,,,,
204,,,Europe,Warangal,Warangal to Europe,,,,
205,,,Germany,Agra,Agra to Germany,,,,
206,,,Germany,Ahmedabad,Ahmedabad to Germany,,,,
207,,,Germany,Amritsar,Amritsar to Germany,,,,
208,,,Germany,Aurangabad,Aurangabad to Germany,,,,
209,,,Germany,Bawana Industrial Area,Bawana Industrial Area to Germany,,,,
210,,,Germany,Belagavi,Belagavi to Germany,,,,
211,,,Germany,Bengaluru,Bengaluru to Germany,,,,
212,,,Germany,Bhilwara,Bhilwara to Germany,,,,
213,,,Germany,Bhopal,Bhopal to Germany,,,,
214,,,Germany,Bhubaneswar,Bhubaneswar to Germany,,,,
215,,,Germany,Chennai,Chennai to Germany,,,,
216,,,Germany,Coimbatore,Coimbatore to Germany,,,,
217,,,Germany,Cuttack,Cuttack to Germany,,,,
218,,,Germany,Dewas,Dewas to Germany,,,,
219,,,Germany,Dharwad,Dharwad to Germany,,,,
220,,,Germany,Durgapur,Durgapur to Germany,,,,
221,,,Germany,Erode,Erode to Germany,,,,
222,,,Germany,Faridabad,Faridabad to Germany,,,,
223,,,Germany,Gandhidham,Gandhidham to Germany,,,,
224,,,Germany,Gurugram,Gurugram to Germany,,,,
225,,,Germany,Guntur,Guntur to Germany,,,,
226,,,Germany,Gwalior,Gwalior to Germany,,,,
227,,,Germany,Howrah,Howrah to Germany,,,,
228,,,Germany,Hubballi,Hubballi to Germany,,,,
229,,,Germany,Hyderabad,Hyderabad to Germany,,,,
230,,,Germany,Indore,Indore to Germany,,,,
231,,,Germany,Jabalpur,Jabalpur to Germany,,,,
232,,,Germany,Jaipur,Jaipur to Germany,,,,
233,,,Germany,Jalandhar,Jalandhar to Germany,,,,
234,,,Germany,Jodhpur,Jodhpur to Germany,,,,
235,,,Germany,Kakinada,Kakinada to Germany,,,,
236,,,Germany,Kanpur,Kanpur to Germany,,,,
237,,,Germany,Karimnagar,Karimnagar to Germany,,,,
238,,,Germany,Karnal,Karnal to Germany,,,,
239,,,Germany,Kolkata,Kolkata to Germany,,,,
240,,,Germany,Kota,Kota to Germany,,,,
241,,,Germany,Ludhiana,Ludhiana to Germany,,,,
242,,,Germany,Madurai,Madurai to Germany,,,,
243,,,Germany,Mangaluru,Mangaluru to Germany,,,,
244,,,Germany,Mohali,Mohali to Germany,,,,
245,,,Germany,Moradabad,Moradabad to Germany,,,,
246,,,Germany,Mumbai,Mumbai to Germany,,,,
247,,,Germany,Mundra,Mundra to Germany,,,,
248,,,Germany,Mysuru,Mysuru to Germany,,,,
249,,,Germany,Nagpur,Nagpur to Germany,,,,
250,,,Germany,Naraina,Naraina to Germany,,,,
251,,,Germany,Nashik,Nashik to Germany,,,,
252,,,Germany,New Delhi,New Delhi to Germany,,,,
253,,,Germany,Nizamabad,Nizamabad to Germany,,,,
254,,,Germany,Noida,Noida to Germany,,,,
255,,,Germany,Okhla,Okhla to Germany,,,,
256,,,Germany,Panipat,Panipat to Germany,,,,
257,,,Germany,Paradip,Paradip to Germany,,,,
258,,,Germany,Patiala,Patiala to Germany,,,,
259,,,Germany,Pune,Pune to Germany,,,,
260,,,Germany,Rajkot,Rajkot to Germany,,,,
261,,,Germany,Rourkela,Rourkela to Germany,,,,
262,,,Germany,Siliguri,Siliguri to Germany,,,,
263,,,Germany,Sonipat,Sonipat to Germany,,,,
264,,,Germany,Surat,Surat to Germany,,,,
265,,,Germany,Tirupati,Tirupati to Germany,,,,
266,,,Germany,Tiruppur,Tiruppur to Germany,,,,
267,,,Germany,Udaipur,Udaipur to Germany,,,,
268,,,Germany,Vadodara,Vadodara to Germany,,,,
269,,,Germany,Varanasi,Varanasi to Germany,,,,
270,,,Germany,Vijayawada,Vijayawada to Germany,,,,
271,,,Germany,Visakhapatnam,Visakhapatnam to Germany,,,,
272,,,Germany,Warangal,Warangal to Germany,,,,
273,,,UK,Agra,Agra to UK,,,,
274,,,UK,Ahmedabad,Ahmedabad to UK,,,,
275,,,UK,Amritsar,Amritsar to UK,,,,
276,,,UK,Aurangabad,Aurangabad to UK,,,,
277,,,UK,Bawana Industrial Area,Bawana Industrial Area to UK,,,,
278,,,UK,Belagavi,Belagavi to UK,,,,
279,,,UK,Bengaluru,Bengaluru to UK,,,,
280,,,UK,Bhilwara,Bhilwara to UK,,,,
281,,,UK,Bhopal,Bhopal to UK,,,,
282,,,UK,Bhubaneswar,Bhubaneswar to UK,,,,
283,,,UK,Chennai,Chennai to UK,,,,
284,,,UK,Coimbatore,Coimbatore to UK,,,,
285,,,UK,Cuttack,Cuttack to UK,,,,
286,,,UK,Dewas,Dewas to UK,,,,
287,,,UK,Dharwad,Dharwad to UK,,,,
288,,,UK,Durgapur,Durgapur to UK,,,,
289,,,UK,Erode,Erode to UK,,,,
290,,,UK,Faridabad,Faridabad to UK,,,,
291,,,UK,Gandhidham,Gandhidham to UK,,,,
292,,,UK,Gurugram,Gurugram to UK,,,,
293,,,UK,Guntur,Guntur to UK,,,,
294,,,UK,Gwalior,Gwalior to UK,,,,
295,,,UK,Howrah,Howrah to UK,,,,
296,,,UK,Hubballi,Hubballi to UK,,,,
297,,,UK,Hyderabad,Hyderabad to UK,,,,
298,,,UK,Indore,Indore to UK,,,,
299,,,UK,Jabalpur,Jabalpur to UK,,,,
300,,,UK,Jaipur,Jaipur to UK,,,,
301,,,UK,Jalandhar,Jalandhar to UK,,,,
302,,,UK,Jodhpur,Jodhpur to UK,,,,
303,,,UK,Kakinada,Kakinada to UK,,,,
304,,,UK,Kanpur,Kanpur to UK,,,,
305,,,UK,Karimnagar,Karimnagar to UK,,,,
306,,,UK,Karnal,Karnal to UK,,,,
307,,,UK,Kolkata,Kolkata to UK,,,,
308,,,UK,Kota,Kota to UK,,,,
309,,,UK,Ludhiana,Ludhiana to UK,,,,
310,,,UK,Madurai,Madurai to UK,,,,
311,,,UK,Mangaluru,Mangaluru to UK,,,,
312,,,UK,Mohali,Mohali to UK,,,,
313,,,UK,Moradabad,Moradabad to UK,,,,
314,,,UK,Mumbai,Mumbai to UK,,,,
315,,,UK,Mundra,Mundra to UK,,,,
316,,,UK,Mysuru,Mysuru to UK,,,,
317,,,UK,Nagpur,Nagpur to UK,,,,
318,,,UK,Naraina,Naraina to UK,,,,
319,,,UK,Nashik,Nashik to UK,,,,
320,,,UK,New Delhi,New Delhi to UK,,,,
321,,,UK,Nizamabad,Nizamabad to UK,,,,
322,,,UK,Noida,Noida to UK,,,,
323,,,UK,Okhla,Okhla to UK,,,,
324,,,UK,Panipat,Panipat to UK,,,,
325,,,UK,Paradip,Paradip to UK,,,,
326,,,UK,Patiala,Patiala to UK,,,,
327,,,UK,Pune,Pune to UK,,,,
328,,,UK,Rajkot,Rajkot to UK,,,,
329,,,UK,Rourkela,Rourkela to UK,,,,
330,,,UK,Siliguri,Siliguri to UK,,,,
331,,,UK,Sonipat,Sonipat to UK,,,,
332,,,UK,Surat,Surat to UK,,,,
333,,,UK,Tirupati,Tirupati to UK,,,,
334,,,UK,Tiruppur,Tiruppur to UK,,,,
335,,,UK,Udaipur,Udaipur to UK,,,,
336,,,UK,Vadodara,Vadodara to UK,,,,
337,,,UK,Varanasi,Varanasi to UK,,,,
338,,,UK,Vijayawada,Vijayawada to UK,,,,
339,,,UK,Visakhapatnam,Visakhapatnam to UK,,,,
340,,,UK,Warangal,Warangal to UK,,,,
341,,,Canada,Agra,Agra to Canada,,,,
342,,,Canada,Ahmedabad,Ahmedabad to Canada,,,,
343,,,Canada,Amritsar,Amritsar to Canada,,,,
344,,,Canada,Aurangabad,Aurangabad to Canada,,,,
345,,,Canada,Bawana Industrial Area,Bawana Industrial Area to Canada,,,,
346,,,Canada,Belagavi,Belagavi to Canada,,,,
347,,,Canada,Bengaluru,Bengaluru to Canada,,,,
348,,,Canada,Bhilwara,Bhilwara to Canada,,,,
349,,,Canada,Bhopal,Bhopal to Canada,,,,
350,,,Canada,Bhubaneswar,Bhubaneswar to Canada,,,,
351,,,Canada,Chennai,Chennai to Canada,,,,
352,,,Canada,Coimbatore,Coimbatore to Canada,,,,
353,,,Canada,Cuttack,Cuttack to Canada,,,,
354,,,Canada,Dewas,Dewas to Canada,,,,
355,,,Canada,Dharwad,Dharwad to Canada,,,,
356,,,Canada,Durgapur,Durgapur to Canada,,,,
357,,,Canada,Erode,Erode to Canada,,,,
358,,,Canada,Faridabad,Faridabad to Canada,,,,
359,,,Canada,Gandhidham,Gandhidham to Canada,,,,
360,,,Canada,Gurugram,Gurugram to Canada,,,,
361,,,Canada,Guntur,Guntur to Canada,,,,
362,,,Canada,Gwalior,Gwalior to Canada,,,,
363,,,Canada,Howrah,Howrah to Canada,,,,
364,,,Canada,Hubballi,Hubballi to Canada,,,,
365,,,Canada,Hyderabad,Hyderabad to Canada,,,,
366,,,Canada,Indore,Indore to Canada,,,,
367,,,Canada,Jabalpur,Jabalpur to Canada,,,,
368,,,Canada,Jaipur,Jaipur to Canada,,,,
369,,,Canada,Jalandhar,Jalandhar to Canada,,,,
370,,,Canada,Jodhpur,Jodhpur to Canada,,,,
371,,,Canada,Kakinada,Kakinada to Canada,,,,
372,,,Canada,Kanpur,Kanpur to Canada,,,,
373,,,Canada,Karimnagar,Karimnagar to Canada,,,,
374,,,Canada,Karnal,Karnal to Canada,,,,
375,,,Canada,Kolkata,Kolkata to Canada,,,,
376,,,Canada,Kota,Kota to Canada,,,,
377,,,Canada,Ludhiana,Ludhiana to Canada,,,,
378,,,Canada,Madurai,Madurai to Canada,,,,
379,,,Canada,Mangaluru,Mangaluru to Canada,,,,
380,,,Canada,Mohali,Mohali to Canada,,,,
381,,,Canada,Moradabad,Moradabad to Canada,,,,
382,,,Canada,Mumbai,Mumbai to Canada,,,,
383,,,Canada,Mundra,Mundra to Canada,,,,
384,,,Canada,Mysuru,Mysuru to Canada,,,,
385,,,Canada,Nagpur,Nagpur to Canada,,,,
386,,,Canada,Naraina,Naraina to Canada,,,,
387,,,Canada,Nashik,Nashik to Canada,,,,
388,,,Canada,New Delhi,New Delhi to Canada,,,,
389,,,Canada,Nizamabad,Nizamabad to Canada,,,,
390,,,Canada,Noida,Noida to Canada,,,,
391,,,Canada,Okhla,Okhla to Canada,,,,
392,,,Canada,Panipat,Panipat to Canada,,,,
393,,,Canada,Paradip,Paradip to Canada,,,,
394,,,Canada,Patiala,Patiala to Canada,,,,
395,,,Canada,Pune,Pune to Canada,,,,
396,,,Canada,Rajkot,Rajkot to Canada,,,,
397,,,Canada,Rourkela,Rourkela to Canada,,,,
398,,,Canada,Siliguri,Siliguri to Canada,,,,
399,,,Canada,Sonipat,Sonipat to Canada,,,,
400,,,Canada,Surat,Surat to Canada,,,,
401,,,Canada,Tirupati,Tirupati to Canada,,,,
402,,,Canada,Tiruppur,Tiruppur to Canada,,,,
403,,,Canada,Udaipur,Udaipur to Canada,,,,
404,,,Canada,Vadodara,Vadodara to Canada,,,,
405,,,Canada,Varanasi,Varanasi to Canada,,,,
406,,,Canada,Vijayawada,Vijayawada to Canada,,,,
407,,,Canada,Visakhapatnam,Visakhapatnam to Canada,,,,
408,,,Canada,Warangal,Warangal to Canada,,,,
409,,,France,Agra,Agra to France,,,,
410,,,France,Ahmedabad,Ahmedabad to France,,,,
411,,,France,Amritsar,Amritsar to France,,,,
412,,,France,Aurangabad,Aurangabad to France,,,,
413,,,France,Bawana Industrial Area,Bawana Industrial Area to France,,,,
414,,,France,Belagavi,Belagavi to France,,,,
415,,,France,Bengaluru,Bengaluru to France,,,,
416,,,France,Bhilwara,Bhilwara to France,,,,
417,,,France,Bhopal,Bhopal to France,,,,
418,,,France,Bhubaneswar,Bhubaneswar to France,,,,
419,,,France,Chennai,Chennai to France,,,,
420,,,France,Coimbatore,Coimbatore to France,,,,
421,,,France,Cuttack,Cuttack to France,,,,
422,,,France,Dewas,Dewas to France,,,,
423,,,France,Dharwad,Dharwad to France,,,,
424,,,France,Durgapur,Durgapur to France,,,,
425,,,France,Erode,Erode to France,,,,
426,,,France,Faridabad,Faridabad to France,,,,
427,,,France,Gandhidham,Gandhidham to France,,,,
428,,,France,Gurugram,Gurugram to France,,,,
429,,,France,Guntur,Guntur to France,,,,
430,,,France,Gwalior,Gwalior to France,,,,
431,,,France,Howrah,Howrah to France,,,,
432,,,France,Hubballi,Hubballi to France,,,,
433,,,France,Hyderabad,Hyderabad to France,,,,
434,,,France,Indore,Indore to France,,,,
435,,,France,Jabalpur,Jabalpur to France,,,,
436,,,France,Jaipur,Jaipur to France,,,,
437,,,France,Jalandhar,Jalandhar to France,,,,
438,,,France,Jodhpur,Jodhpur to France,,,,
439,,,France,Kakinada,Kakinada to France,,,,
440,,,France,Kanpur,Kanpur to France,,,,
441,,,France,Karimnagar,Karimnagar to France,,,,
442,,,France,Karnal,Karnal to France,,,,
443,,,France,Kolkata,Kolkata to France,,,,
444,,,France,Kota,Kota to France,,,,
445,,,France,Ludhiana,Ludhiana to France,,,,
446,,,France,Madurai,Madurai to France,,,,
447,,,France,Mangaluru,Mangaluru to France,,,,
448,,,France,Mohali,Mohali to France,,,,
449,,,France,Moradabad,Moradabad to France,,,,
450,,,France,Mumbai,Mumbai to France,,,,
451,,,France,Mundra,Mundra to France,,,,
452,,,France,Mysuru,Mysuru to France,,,,
453,,,France,Nagpur,Nagpur to France,,,,
454,,,France,Naraina,Naraina to France,,,,
455,,,France,Nashik,Nashik to France,,,,
456,,,France,New Delhi,New Delhi to France,,,,
457,,,France,Nizamabad,Nizamabad to France,,,,
458,,,France,Noida,Noida to France,,,,
459,,,France,Okhla,Okhla to France,,,,
460,,,France,Panipat,Panipat to France,,,,
461,,,France,Paradip,Paradip to France,,,,
462,,,France,Patiala,Patiala to France,,,,
463,,,France,Pune,Pune to France,,,,
464,,,France,Rajkot,Rajkot to France,,,,
465,,,France,Rourkela,Rourkela to France,,,,
466,,,France,Siliguri,Siliguri to France,,,,
467,,,France,Sonipat,Sonipat to France,,,,
468,,,France,Surat,Surat to France,,,,
469,,,France,Tirupati,Tirupati to France,,,,
470,,,France,Tiruppur,Tiruppur to France,,,,
471,,,France,Udaipur,Udaipur to France,,,,
472,,,France,Vadodara,Vadodara to France,,,,
473,,,France,Varanasi,Varanasi to France,,,,
474,,,France,Vijayawada,Vijayawada to France,,,,
475,,,France,Visakhapatnam,Visakhapatnam to France,,,,
476,,,France,Warangal,Warangal to France,,,,
477,,,Italy,Agra,Agra to Italy,,,,
478,,,Italy,Ahmedabad,Ahmedabad to Italy,,,,
479,,,Italy,Amritsar,Amritsar to Italy,,,,
480,,,Italy,Aurangabad,Aurangabad to Italy,,,,
481,,,Italy,Bawana Industrial Area,Bawana Industrial Area to Italy,,,,
482,,,Italy,Belagavi,Belagavi to Italy,,,,
483,,,Italy,Bengaluru,Bengaluru to Italy,,,,
484,,,Italy,Bhilwara,Bhilwara to Italy,,,,
485,,,Italy,Bhopal,Bhopal to Italy,,,,
486,,,Italy,Bhubaneswar,Bhubaneswar to Italy,,,,
487,,,Italy,Chennai,Chennai to Italy,,,,
488,,,Italy,Coimbatore,Coimbatore to Italy,,,,
489,,,Italy,Cuttack,Cuttack to Italy,,,,
490,,,Italy,Dewas,Dewas to Italy,,,,
491,,,Italy,Dharwad,Dharwad to Italy,,,,
492,,,Italy,Durgapur,Durgapur to Italy,,,,
493,,,Italy,Erode,Erode to Italy,,,,
494,,,Italy,Faridabad,Faridabad to Italy,,,,
495,,,Italy,Gandhidham,Gandhidham to Italy,,,,
496,,,Italy,Gurugram,Gurugram to Italy,,,,
497,,,Italy,Guntur,Guntur to Italy,,,,
498,,,Italy,Gwalior,Gwalior to Italy,,,,
499,,,Italy,Howrah,Howrah to Italy,,,,
500,,,Italy,Hubballi,Hubballi to Italy,,,,
501,,,Italy,Hyderabad,Hyderabad to Italy,,,,
502,,,Italy,Indore,Indore to Italy,,,,
503,,,Italy,Jabalpur,Jabalpur to Italy,,,,
504,,,Italy,Jaipur,Jaipur to Italy,,,,
505,,,Italy,Jalandhar,Jalandhar to Italy,,,,
506,,,Italy,Jodhpur,Jodhpur to Italy,,,,
507,,,Italy,Kakinada,Kakinada to Italy,,,,
508,,,Italy,Kanpur,Kanpur to Italy,,,,
509,,,Italy,Karimnagar,Karimnagar to Italy,,,,
510,,,Italy,Karnal,Karnal to Italy,,,,
511,,,Italy,Kolkata,Kolkata to Italy,,,,
512,,,Italy,Kota,Kota to Italy,,,,
513,,,Italy,Ludhiana,Ludhiana to Italy,,,,
514,,,Italy,Madurai,Madurai to Italy,,,,
515,,,Italy,Mangaluru,Mangaluru to Italy,,,,
516,,,Italy,Mohali,Mohali to Italy,,,,
517,,,Italy,Moradabad,Moradabad to Italy,,,,
518,,,Italy,Mumbai,Mumbai to Italy,,,,
519,,,Italy,Mundra,Mundra to Italy,,,,
520,,,Italy,Mysuru,Mysuru to Italy,,,,
521,,,Italy,Nagpur,Nagpur to Italy,,,,
522,,,Italy,Naraina,Naraina to Italy,,,,
523,,,Italy,Nashik,Nashik to Italy,,,,
524,,,Italy,New Delhi,New Delhi to Italy,,,,
525,,,Italy,Nizamabad,Nizamabad to Italy,,,,
526,,,Italy,Noida,Noida to Italy,,,,
527,,,Italy,Okhla,Okhla to Italy,,,,
528,,,Italy,Panipat,Panipat to Italy,,,,
529,,,Italy,Paradip,Paradip to Italy,,,,
530,,,Italy,Patiala,Patiala to Italy,,,,
531,,,Italy,Pune,Pune to Italy,,,,
532,,,Italy,Rajkot,Rajkot to Italy,,,,
533,,,Italy,Rourkela,Rourkela to Italy,,,,
534,,,Italy,Siliguri,Siliguri to Italy,,,,
535,,,Italy,Sonipat,Sonipat to Italy,,,,
536,,,Italy,Surat,Surat to Italy,,,,
537,,,Italy,Tirupati,Tirupati to Italy,,,,
538,,,Italy,Tiruppur,Tiruppur to Italy,,,,
539,,,Italy,Udaipur,Udaipur to Italy,,,,
540,,,Italy,Vadodara,Vadodara to Italy,,,,
541,,,Italy,Varanasi,Varanasi to Italy,,,,
542,,,Italy,Vijayawada,Vijayawada to Italy,,,,
543,,,Italy,Visakhapatnam,Visakhapatnam to Italy,,,,
544,,,Italy,Warangal,Warangal to Italy,,,,
545,,,Portugal,Agra,Agra to Portugal,,,,
546,,,Portugal,Ahmedabad,Ahmedabad to Portugal,,,,
547,,,Portugal,Amritsar,Amritsar to Portugal,,,,
548,,,Portugal,Aurangabad,Aurangabad to Portugal,,,,
549,,,Portugal,Bawana Industrial Area,Bawana Industrial Area to Portugal,,,,
550,,,Portugal,Belagavi,Belagavi to Portugal,,,,
551,,,Portugal,Bengaluru,Bengaluru to Portugal,,,,
552,,,Portugal,Bhilwara,Bhilwara to Portugal,,,,
553,,,Portugal,Bhopal,Bhopal to Portugal,,,,
554,,,Portugal,Bhubaneswar,Bhubaneswar to Portugal,,,,
555,,,Portugal,Chennai,Chennai to Portugal,,,,
556,,,Portugal,Coimbatore,Coimbatore to Portugal,,,,
557,,,Portugal,Cuttack,Cuttack to Portugal,,,,
558,,,Portugal,Dewas,Dewas to Portugal,,,,
559,,,Portugal,Dharwad,Dharwad to Portugal,,,,
560,,,Portugal,Durgapur,Durgapur to Portugal,,,,
561,,,Portugal,Erode,Erode to Portugal,,,,
562,,,Portugal,Faridabad,Faridabad to Portugal,,,,
563,,,Portugal,Gandhidham,Gandhidham to Portugal,,,,
564,,,Portugal,Gurugram,Gurugram to Portugal,,,,
565,,,Portugal,Guntur,Guntur to Portugal,,,,
566,,,Portugal,Gwalior,Gwalior to Portugal,,,,
567,,,Portugal,Howrah,Howrah to Portugal,,,,
568,,,Portugal,Hubballi,Hubballi to Portugal,,,,
569,,,Portugal,Hyderabad,Hyderabad to Portugal,,,,
570,,,Portugal,Indore,Indore to Portugal,,,,
571,,,Portugal,Jabalpur,Jabalpur to Portugal,,,,
572,,,Portugal,Jaipur,Jaipur to Portugal,,,,
573,,,Portugal,Jalandhar,Jalandhar to Portugal,,,,
574,,,Portugal,Jodhpur,Jodhpur to Portugal,,,,
575,,,Portugal,Kakinada,Kakinada to Portugal,,,,
576,,,Portugal,Kanpur,Kanpur to Portugal,,,,
577,,,Portugal,Karimnagar,Karimnagar to Portugal,,,,
578,,,Portugal,Karnal,Karnal to Portugal,,,,
579,,,Portugal,Kolkata,Kolkata to Portugal,,,,
580,,,Portugal,Kota,Kota to Portugal,,,,
581,,,Portugal,Ludhiana,Ludhiana to Portugal,,,,
582,,,Portugal,Madurai,Madurai to Portugal,,,,
583,,,Portugal,Mangaluru,Mangaluru to Portugal,,,,
584,,,Portugal,Mohali,Mohali to Portugal,,,,
585,,,Portugal,Moradabad,Moradabad to Portugal,,,,
586,,,Portugal,Mumbai,Mumbai to Portugal,,,,
587,,,Portugal,Mundra,Mundra to Portugal,,,,
588,,,Portugal,Mysuru,Mysuru to Portugal,,,,
589,,,Portugal,Nagpur,Nagpur to Portugal,,,,
590,,,Portugal,Naraina,Naraina to Portugal,,,,
591,,,Portugal,Nashik,Nashik to Portugal,,,,
592,,,Portugal,New Delhi,New Delhi to Portugal,,,,
593,,,Portugal,Nizamabad,Nizamabad to Portugal,,,,
594,,,Portugal,Noida,Noida to Portugal,,,,
595,,,Portugal,Okhla,Okhla to Portugal,,,,
596,,,Portugal,Panipat,Panipat to Portugal,,,,
597,,,Portugal,Paradip,Paradip to Portugal,,,,
598,,,Portugal,Patiala,Patiala to Portugal,,,,
599,,,Portugal,Pune,Pune to Portugal,,,,
600,,,Portugal,Rajkot,Rajkot to Portugal,,,,
601,,,Portugal,Rourkela,Rourkela to Portugal,,,,
602,,,Portugal,Siliguri,Siliguri to Portugal,,,,
603,,,Portugal,Sonipat,Sonipat to Portugal,,,,
604,,,Portugal,Surat,Surat to Portugal,,,,
605,,,Portugal,Tirupati,Tirupati to Portugal,,,,
606,,,Portugal,Tiruppur,Tiruppur to Portugal,,,,
607,,,Portugal,Udaipur,Udaipur to Portugal,,,,
608,,,Portugal,Vadodara,Vadodara to Portugal,,,,
609,,,Portugal,Varanasi,Varanasi to Portugal,,,,
610,,,Portugal,Vijayawada,Vijayawada to Portugal,,,,
611,,,Portugal,Visakhapatnam,Visakhapatnam to Portugal,,,,
612,,,Portugal,Warangal,Warangal to Portugal,,,,
613,,,Austria,Agra,Agra to Austria,,,,
614,,,Austria,Ahmedabad,Ahmedabad to Austria,,,,
615,,,Austria,Amritsar,Amritsar to Austria,,,,
616,,,Austria,Aurangabad,Aurangabad to Austria,,,,
617,,,Austria,Bawana Industrial Area,Bawana Industrial Area to Austria,,,,
618,,,Austria,Belagavi,Belagavi to Austria,,,,
619,,,Austria,Bengaluru,Bengaluru to Austria,,,,
620,,,Austria,Bhilwara,Bhilwara to Austria,,,,
621,,,Austria,Bhopal,Bhopal to Austria,,,,
622,,,Austria,Bhubaneswar,Bhubaneswar to Austria,,,,
623,,,Austria,Chennai,Chennai to Austria,,,,
624,,,Austria,Coimbatore,Coimbatore to Austria,,,,
625,,,Austria,Cuttack,Cuttack to Austria,,,,
626,,,Austria,Dewas,Dewas to Austria,,,,
627,,,Austria,Dharwad,Dharwad to Austria,,,,
628,,,Austria,Durgapur,Durgapur to Austria,,,,
629,,,Austria,Erode,Erode to Austria,,,,
630,,,Austria,Faridabad,Faridabad to Austria,,,,
631,,,Austria,Gandhidham,Gandhidham to Austria,,,,
632,,,Austria,Gurugram,Gurugram to Austria,,,,
633,,,Austria,Guntur,Guntur to Austria,,,,
634,,,Austria,Gwalior,Gwalior to Austria,,,,
635,,,Austria,Howrah,Howrah to Austria,,,,
636,,,Austria,Hubballi,Hubballi to Austria,,,,
637,,,Austria,Hyderabad,Hyderabad to Austria,,,,
638,,,Austria,Indore,Indore to Austria,,,,
639,,,Austria,Jabalpur,Jabalpur to Austria,,,,
640,,,Austria,Jaipur,Jaipur to Austria,,,,
641,,,Austria,Jalandhar,Jalandhar to Austria,,,,
642,,,Austria,Jodhpur,Jodhpur to Austria,,,,
643,,,Austria,Kakinada,Kakinada to Austria,,,,
644,,,Austria,Kanpur,Kanpur to Austria,,,,
645,,,Austria,Karimnagar,Karimnagar to Austria,,,,
646,,,Austria,Karnal,Karnal to Austria,,,,
647,,,Austria,Kolkata,Kolkata to Austria,,,,
648,,,Austria,Kota,Kota to Austria,,,,
649,,,Austria,Ludhiana,Ludhiana to Austria,,,,
650,,,Austria,Madurai,Madurai to Austria,,,,
651,,,Austria,Mangaluru,Mangaluru to Austria,,,,
652,,,Austria,Mohali,Mohali to Austria,,,,
653,,,Austria,Moradabad,Moradabad to Austria,,,,
654,,,Austria,Mumbai,Mumbai to Austria,,,,
655,,,Austria,Mundra,Mundra to Austria,,,,
656,,,Austria,Mysuru,Mysuru to Austria,,,,
657,,,Austria,Nagpur,Nagpur to Austria,,,,
658,,,Austria,Naraina,Naraina to Austria,,,,
659,,,Austria,Nashik,Nashik to Austria,,,,
660,,,Austria,New Delhi,New Delhi to Austria,,,,
661,,,Austria,Nizamabad,Nizamabad to Austria,,,,
662,,,Austria,Noida,Noida to Austria,,,,
663,,,Austria,Okhla,Okhla to Austria,,,,
664,,,Austria,Panipat,Panipat to Austria,,,,
665,,,Austria,Paradip,Paradip to Austria,,,,
666,,,Austria,Patiala,Patiala to Austria,,,,
667,,,Austria,Pune,Pune to Austria,,,,
668,,,Austria,Rajkot,Rajkot to Austria,,,,
669,,,Austria,Rourkela,Rourkela to Austria,,,,
670,,,Austria,Siliguri,Siliguri to Austria,,,,
671,,,Austria,Sonipat,Sonipat to Austria,,,,
672,,,Austria,Surat,Surat to Austria,,,,
673,,,Austria,Tirupati,Tirupati to Austria,,,,
674,,,Austria,Tiruppur,Tiruppur to Austria,,,,
675,,,Austria,Udaipur,Udaipur to Austria,,,,
676,,,Austria,Vadodara,Vadodara to Austria,,,,
677,,,Austria,Varanasi,Varanasi to Austria,,,,
678,,,Austria,Vijayawada,Vijayawada to Austria,,,,
679,,,Austria,Visakhapatnam,Visakhapatnam to Austria,,,,
680,,,Austria,Warangal,Warangal to Austria,,,,
681,,,Belgium,Agra,Agra to Belgium,,,,
682,,,Belgium,Ahmedabad,Ahmedabad to Belgium,,,,
683,,,Belgium,Amritsar,Amritsar to Belgium,,,,
684,,,Belgium,Aurangabad,Aurangabad to Belgium,,,,
685,,,Belgium,Bawana Industrial Area,Bawana Industrial Area to Belgium,,,,
686,,,Belgium,Belagavi,Belagavi to Belgium,,,,
687,,,Belgium,Bengaluru,Bengaluru to Belgium,,,,
688,,,Belgium,Bhilwara,Bhilwara to Belgium,,,,
689,,,Belgium,Bhopal,Bhopal to Belgium,,,,
690,,,Belgium,Bhubaneswar,Bhubaneswar to Belgium,,,,
691,,,Belgium,Chennai,Chennai to Belgium,,,,
692,,,Belgium,Coimbatore,Coimbatore to Belgium,,,,
693,,,Belgium,Cuttack,Cuttack to Belgium,,,,
694,,,Belgium,Dewas,Dewas to Belgium,,,,
695,,,Belgium,Dharwad,Dharwad to Belgium,,,,
696,,,Belgium,Durgapur,Durgapur to Belgium,,,,
697,,,Belgium,Erode,Erode to Belgium,,,,
698,,,Belgium,Faridabad,Faridabad to Belgium,,,,
699,,,Belgium,Gandhidham,Gandhidham to Belgium,,,,
700,,,Belgium,Gurugram,Gurugram to Belgium,,,,
701,,,Belgium,Guntur,Guntur to Belgium,,,,
702,,,Belgium,Gwalior,Gwalior to Belgium,,,,
703,,,Belgium,Howrah,Howrah to Belgium,,,,
704,,,Belgium,Hubballi,Hubballi to Belgium,,,,
705,,,Belgium,Hyderabad,Hyderabad to Belgium,,,,
706,,,Belgium,Indore,Indore to Belgium,,,,
707,,,Belgium,Jabalpur,Jabalpur to Belgium,,,,
708,,,Belgium,Jaipur,Jaipur to Belgium,,,,
709,,,Belgium,Jalandhar,Jalandhar to Belgium,,,,
710,,,Belgium,Jodhpur,Jodhpur to Belgium,,,,
711,,,Belgium,Kakinada,Kakinada to Belgium,,,,
712,,,Belgium,Kanpur,Kanpur to Belgium,,,,
713,,,Belgium,Karimnagar,Karimnagar to Belgium,,,,
714,,,Belgium,Karnal,Karnal to Belgium,,,,
715,,,Belgium,Kolkata,Kolkata to Belgium,,,,
716,,,Belgium,Kota,Kota to Belgium,,,,
717,,,Belgium,Ludhiana,Ludhiana to Belgium,,,,
718,,,Belgium,Madurai,Madurai to Belgium,,,,
719,,,Belgium,Mangaluru,Mangaluru to Belgium,,,,
720,,,Belgium,Mohali,Mohali to Belgium,,,,
721,,,Belgium,Moradabad,Moradabad to Belgium,,,,
722,,,Belgium,Mumbai,Mumbai to Belgium,,,,
723,,,Belgium,Mundra,Mundra to Belgium,,,,
724,,,Belgium,Mysuru,Mysuru to Belgium,,,,
725,,,Belgium,Nagpur,Nagpur to Belgium,,,,
726,,,Belgium,Naraina,Naraina to Belgium,,,,
727,,,Belgium,Nashik,Nashik to Belgium,,,,
728,,,Belgium,New Delhi,New Delhi to Belgium,,,,
729,,,Belgium,Nizamabad,Nizamabad to Belgium,,,,
730,,,Belgium,Noida,Noida to Belgium,,,,
731,,,Belgium,Okhla,Okhla to Belgium,,,,
732,,,Belgium,Panipat,Panipat to Belgium,,,,
733,,,Belgium,Paradip,Paradip to Belgium,,,,
734,,,Belgium,Patiala,Patiala to Belgium,,,,
735,,,Belgium,Pune,Pune to Belgium,,,,
736,,,Belgium,Rajkot,Rajkot to Belgium,,,,
737,,,Belgium,Rourkela,Rourkela to Belgium,,,,
738,,,Belgium,Siliguri,Siliguri to Belgium,,,,
739,,,Belgium,Sonipat,Sonipat to Belgium,,,,
740,,,Belgium,Surat,Surat to Belgium,,,,
741,,,Belgium,Tirupati,Tirupati to Belgium,,,,
742,,,Belgium,Tiruppur,Tiruppur to Belgium,,,,
743,,,Belgium,Udaipur,Udaipur to Belgium,,,,
744,,,Belgium,Vadodara,Vadodara to Belgium,,,,
745,,,Belgium,Varanasi,Varanasi to Belgium,,,,
746,,,Belgium,Vijayawada,Vijayawada to Belgium,,,,
747,,,Belgium,Visakhapatnam,Visakhapatnam to Belgium,,,,
748,,,Belgium,Warangal,Warangal to Belgium,,,,
749,,,Bulgaria,Agra,Agra to Bulgaria,,,,
750,,,Bulgaria,Ahmedabad,Ahmedabad to Bulgaria,,,,
751,,,Bulgaria,Amritsar,Amritsar to Bulgaria,,,,
752,,,Bulgaria,Aurangabad,Aurangabad to Bulgaria,,,,
753,,,Bulgaria,Bawana Industrial Area,Bawana Industrial Area to Bulgaria,,,,
754,,,Bulgaria,Belagavi,Belagavi to Bulgaria,,,,
755,,,Bulgaria,Bengaluru,Bengaluru to Bulgaria,,,,
756,,,Bulgaria,Bhilwara,Bhilwara to Bulgaria,,,,
757,,,Bulgaria,Bhopal,Bhopal to Bulgaria,,,,
758,,,Bulgaria,Bhubaneswar,Bhubaneswar to Bulgaria,,,,
759,,,Bulgaria,Chennai,Chennai to Bulgaria,,,,
760,,,Bulgaria,Coimbatore,Coimbatore to Bulgaria,,,,
761,,,Bulgaria,Cuttack,Cuttack to Bulgaria,,,,
762,,,Bulgaria,Dewas,Dewas to Bulgaria,,,,
763,,,Bulgaria,Dharwad,Dharwad to Bulgaria,,,,
764,,,Bulgaria,Durgapur,Durgapur to Bulgaria,,,,
765,,,Bulgaria,Erode,Erode to Bulgaria,,,,
766,,,Bulgaria,Faridabad,Faridabad to Bulgaria,,,,
767,,,Bulgaria,Gandhidham,Gandhidham to Bulgaria,,,,
768,,,Bulgaria,Gurugram,Gurugram to Bulgaria,,,,
769,,,Bulgaria,Guntur,Guntur to Bulgaria,,,,
770,,,Bulgaria,Gwalior,Gwalior to Bulgaria,,,,
771,,,Bulgaria,Howrah,Howrah to Bulgaria,,,,
772,,,Bulgaria,Hubballi,Hubballi to Bulgaria,,,,
773,,,Bulgaria,Hyderabad,Hyderabad to Bulgaria,,,,
774,,,Bulgaria,Indore,Indore to Bulgaria,,,,
775,,,Bulgaria,Jabalpur,Jabalpur to Bulgaria,,,,
776,,,Bulgaria,Jaipur,Jaipur to Bulgaria,,,,
777,,,Bulgaria,Jalandhar,Jalandhar to Bulgaria,,,,
778,,,Bulgaria,Jodhpur,Jodhpur to Bulgaria,,,,
779,,,Bulgaria,Kakinada,Kakinada to Bulgaria,,,,
780,,,Bulgaria,Kanpur,Kanpur to Bulgaria,,,,
781,,,Bulgaria,Karimnagar,Karimnagar to Bulgaria,,,,
782,,,Bulgaria,Karnal,Karnal to Bulgaria,,,,
783,,,Bulgaria,Kolkata,Kolkata to Bulgaria,,,,
784,,,Bulgaria,Kota,Kota to Bulgaria,,,,
785,,,Bulgaria,Ludhiana,Ludhiana to Bulgaria,,,,
786,,,Bulgaria,Madurai,Madurai to Bulgaria,,,,
787,,,Bulgaria,Mangaluru,Mangaluru to Bulgaria,,,,
788,,,Bulgaria,Mohali,Mohali to Bulgaria,,,,
789,,,Bulgaria,Moradabad,Moradabad to Bulgaria,,,,
790,,,Bulgaria,Mumbai,Mumbai to Bulgaria,,,,
791,,,Bulgaria,Mundra,Mundra to Bulgaria,,,,
792,,,Bulgaria,Mysuru,Mysuru to Bulgaria,,,,
793,,,Bulgaria,Nagpur,Nagpur to Bulgaria,,,,
794,,,Bulgaria,Naraina,Naraina to Bulgaria,,,,
795,,,Bulgaria,Nashik,Nashik to Bulgaria,,,,
796,,,Bulgaria,New Delhi,New Delhi to Bulgaria,,,,
797,,,Bulgaria,Nizamabad,Nizamabad to Bulgaria,,,,
798,,,Bulgaria,Noida,Noida to Bulgaria,,,,
799,,,Bulgaria,Okhla,Okhla to Bulgaria,,,,
800,,,Bulgaria,Panipat,Panipat to Bulgaria,,,,
801,,,Bulgaria,Paradip,Paradip to Bulgaria,,,,
802,,,Bulgaria,Patiala,Patiala to Bulgaria,,,,
803,,,Bulgaria,Pune,Pune to Bulgaria,,,,
804,,,Bulgaria,Rajkot,Rajkot to Bulgaria,,,,
805,,,Bulgaria,Rourkela,Rourkela to Bulgaria,,,,
806,,,Bulgaria,Siliguri,Siliguri to Bulgaria,,,,
807,,,Bulgaria,Sonipat,Sonipat to Bulgaria,,,,
808,,,Bulgaria,Surat,Surat to Bulgaria,,,,
809,,,Bulgaria,Tirupati,Tirupati to Bulgaria,,,,
810,,,Bulgaria,Tiruppur,Tiruppur to Bulgaria,,,,
811,,,Bulgaria,Udaipur,Udaipur to Bulgaria,,,,
812,,,Bulgaria,Vadodara,Vadodara to Bulgaria,,,,
813,,,Bulgaria,Varanasi,Varanasi to Bulgaria,,,,
814,,,Bulgaria,Vijayawada,Vijayawada to Bulgaria,,,,
815,,,Bulgaria,Visakhapatnam,Visakhapatnam to Bulgaria,,,,
816,,,Bulgaria,Warangal,Warangal to Bulgaria,,,,
817,,,Croatia,Agra,Agra to Croatia,,,,
818,,,Croatia,Ahmedabad,Ahmedabad to Croatia,,,,
819,,,Croatia,Amritsar,Amritsar to Croatia,,,,
820,,,Croatia,Aurangabad,Aurangabad to Croatia,,,,
821,,,Croatia,Bawana Industrial Area,Bawana Industrial Area to Croatia,,,,
822,,,Croatia,Belagavi,Belagavi to Croatia,,,,
823,,,Croatia,Bengaluru,Bengaluru to Croatia,,,,
824,,,Croatia,Bhilwara,Bhilwara to Croatia,,,,
825,,,Croatia,Bhopal,Bhopal to Croatia,,,,
826,,,Croatia,Bhubaneswar,Bhubaneswar to Croatia,,,,
827,,,Croatia,Chennai,Chennai to Croatia,,,,
828,,,Croatia,Coimbatore,Coimbatore to Croatia,,,,
829,,,Croatia,Cuttack,Cuttack to Croatia,,,,
830,,,Croatia,Dewas,Dewas to Croatia,,,,
831,,,Croatia,Dharwad,Dharwad to Croatia,,,,
832,,,Croatia,Durgapur,Durgapur to Croatia,,,,
833,,,Croatia,Erode,Erode to Croatia,,,,
834,,,Croatia,Faridabad,Faridabad to Croatia,,,,
835,,,Croatia,Gandhidham,Gandhidham to Croatia,,,,
836,,,Croatia,Gurugram,Gurugram to Croatia,,,,
837,,,Croatia,Guntur,Guntur to Croatia,,,,
838,,,Croatia,Gwalior,Gwalior to Croatia,,,,
839,,,Croatia,Howrah,Howrah to Croatia,,,,
840,,,Croatia,Hubballi,Hubballi to Croatia,,,,
841,,,Croatia,Hyderabad,Hyderabad to Croatia,,,,
842,,,Croatia,Indore,Indore to Croatia,,,,
843,,,Croatia,Jabalpur,Jabalpur to Croatia,,,,
844,,,Croatia,Jaipur,Jaipur to Croatia,,,,
845,,,Croatia,Jalandhar,Jalandhar to Croatia,,,,
846,,,Croatia,Jodhpur,Jodhpur to Croatia,,,,
847,,,Croatia,Kakinada,Kakinada to Croatia,,,,
848,,,Croatia,Kanpur,Kanpur to Croatia,,,,
849,,,Croatia,Karimnagar,Karimnagar to Croatia,,,,
850,,,Croatia,Karnal,Karnal to Croatia,,,,
851,,,Croatia,Kolkata,Kolkata to Croatia,,,,
852,,,Croatia,Kota,Kota to Croatia,,,,
853,,,Croatia,Ludhiana,Ludhiana to Croatia,,,,
854,,,Croatia,Madurai,Madurai to Croatia,,,,
855,,,Croatia,Mangaluru,Mangaluru to Croatia,,,,
856,,,Croatia,Mohali,Mohali to Croatia,,,,
857,,,Croatia,Moradabad,Moradabad to Croatia,,,,
858,,,Croatia,Mumbai,Mumbai to Croatia,,,,
859,,,Croatia,Mundra,Mundra to Croatia,,,,
860,,,Croatia,Mysuru,Mysuru to Croatia,,,,
861,,,Croatia,Nagpur,Nagpur to Croatia,,,,
862,,,Croatia,Naraina,Naraina to Croatia,,,,
863,,,Croatia,Nashik,Nashik to Croatia,,,,
864,,,Croatia,New Delhi,New Delhi to Croatia,,,,
865,,,Croatia,Nizamabad,Nizamabad to Croatia,,,,
866,,,Croatia,Noida,Noida to Croatia,,,,
867,,,Croatia,Okhla,Okhla to Croatia,,,,
868,,,Croatia,Panipat,Panipat to Croatia,,,,
869,,,Croatia,Paradip,Paradip to Croatia,,,,
870,,,Croatia,Patiala,Patiala to Croatia,,,,
871,,,Croatia,Pune,Pune to Croatia,,,,
872,,,Croatia,Rajkot,Rajkot to Croatia,,,,
873,,,Croatia,Rourkela,Rourkela to Croatia,,,,
874,,,Croatia,Siliguri,Siliguri to Croatia,,,,
875,,,Croatia,Sonipat,Sonipat to Croatia,,,,
876,,,Croatia,Surat,Surat to Croatia,,,,
877,,,Croatia,Tirupati,Tirupati to Croatia,,,,
878,,,Croatia,Tiruppur,Tiruppur to Croatia,,,,
879,,,Croatia,Udaipur,Udaipur to Croatia,,,,
880,,,Croatia,Vadodara,Vadodara to Croatia,,,,
881,,,Croatia,Varanasi,Varanasi to Croatia,,,,
882,,,Croatia,Vijayawada,Vijayawada to Croatia,,,,
883,,,Croatia,Visakhapatnam,Visakhapatnam to Croatia,,,,
884,,,Croatia,Warangal,Warangal to Croatia,,,,
885,,,Czech Republic,Agra,Agra to Czech Republic,,,,
886,,,Czech Republic,Ahmedabad,Ahmedabad to Czech Republic,,,,
887,,,Czech Republic,Amritsar,Amritsar to Czech Republic,,,,
888,,,Czech Republic,Aurangabad,Aurangabad to Czech Republic,,,,
889,,,Czech Republic,Bawana Industrial Area,Bawana Industrial Area to Czech Republic,,,,
890,,,Czech Republic,Belagavi,Belagavi to Czech Republic,,,,
891,,,Czech Republic,Bengaluru,Bengaluru to Czech Republic,,,,
892,,,Czech Republic,Bhilwara,Bhilwara to Czech Republic,,,,
893,,,Czech Republic,Bhopal,Bhopal to Czech Republic,,,,
894,,,Czech Republic,Bhubaneswar,Bhubaneswar to Czech Republic,,,,
895,,,Czech Republic,Chennai,Chennai to Czech Republic,,,,
896,,,Czech Republic,Coimbatore,Coimbatore to Czech Republic,,,,
897,,,Czech Republic,Cuttack,Cuttack to Czech Republic,,,,
898,,,Czech Republic,Dewas,Dewas to Czech Republic,,,,
899,,,Czech Republic,Dharwad,Dharwad to Czech Republic,,,,
900,,,Czech Republic,Durgapur,Durgapur to Czech Republic,,,,
901,,,Czech Republic,Erode,Erode to Czech Republic,,,,
902,,,Czech Republic,Faridabad,Faridabad to Czech Republic,,,,
903,,,Czech Republic,Gandhidham,Gandhidham to Czech Republic,,,,
904,,,Czech Republic,Gurugram,Gurugram to Czech Republic,,,,
905,,,Czech Republic,Guntur,Guntur to Czech Republic,,,,
906,,,Czech Republic,Gwalior,Gwalior to Czech Republic,,,,
907,,,Czech Republic,Howrah,Howrah to Czech Republic,,,,
908,,,Czech Republic,Hubballi,Hubballi to Czech Republic,,,,
909,,,Czech Republic,Hyderabad,Hyderabad to Czech Republic,,,,
910,,,Czech Republic,Indore,Indore to Czech Republic,,,,
911,,,Czech Republic,Jabalpur,Jabalpur to Czech Republic,,,,
912,,,Czech Republic,Jaipur,Jaipur to Czech Republic,,,,
913,,,Czech Republic,Jalandhar,Jalandhar to Czech Republic,,,,
914,,,Czech Republic,Jodhpur,Jodhpur to Czech Republic,,,,
915,,,Czech Republic,Kakinada,Kakinada to Czech Republic,,,,
916,,,Czech Republic,Kanpur,Kanpur to Czech Republic,,,,
917,,,Czech Republic,Karimnagar,Karimnagar to Czech Republic,,,,
918,,,Czech Republic,Karnal,Karnal to Czech Republic,,,,
919,,,Czech Republic,Kolkata,Kolkata to Czech Republic,,,,
920,,,Czech Republic,Kota,Kota to Czech Republic,,,,
921,,,Czech Republic,Ludhiana,Ludhiana to Czech Republic,,,,
922,,,Czech Republic,Madurai,Madurai to Czech Republic,,,,
923,,,Czech Republic,Mangaluru,Mangaluru to Czech Republic,,,,
924,,,Czech Republic,Mohali,Mohali to Czech Republic,,,,
925,,,Czech Republic,Moradabad,Moradabad to Czech Republic,,,,
926,,,Czech Republic,Mumbai,Mumbai to Czech Republic,,,,
927,,,Czech Republic,Mundra,Mundra to Czech Republic,,,,
928,,,Czech Republic,Mysuru,Mysuru to Czech Republic,,,,
929,,,Czech Republic,Nagpur,Nagpur to Czech Republic,,,,
930,,,Czech Republic,Naraina,Naraina to Czech Republic,,,,
931,,,Czech Republic,Nashik,Nashik to Czech Republic,,,,
932,,,Czech Republic,New Delhi,New Delhi to Czech Republic,,,,
933,,,Czech Republic,Nizamabad,Nizamabad to Czech Republic,,,,
934,,,Czech Republic,Noida,Noida to Czech Republic,,,,
935,,,Czech Republic,Okhla,Okhla to Czech Republic,,,,
936,,,Czech Republic,Panipat,Panipat to Czech Republic,,,,
937,,,Czech Republic,Paradip,Paradip to Czech Republic,,,,
938,,,Czech Republic,Patiala,Patiala to Czech Republic,,,,
939,,,Czech Republic,Pune,Pune to Czech Republic,,,,
940,,,Czech Republic,Rajkot,Rajkot to Czech Republic,,,,
941,,,Czech Republic,Rourkela,Rourkela to Czech Republic,,,,
942,,,Czech Republic,Siliguri,Siliguri to Czech Republic,,,,
943,,,Czech Republic,Sonipat,Sonipat to Czech Republic,,,,
944,,,Czech Republic,Surat,Surat to Czech Republic,,,,
945,,,Czech Republic,Tirupati,Tirupati to Czech Republic,,,,
946,,,Czech Republic,Tiruppur,Tiruppur to Czech Republic,,,,
947,,,Czech Republic,Udaipur,Udaipur to Czech Republic,,,,
948,,,Czech Republic,Vadodara,Vadodara to Czech Republic,,,,
949,,,Czech Republic,Varanasi,Varanasi to Czech Republic,,,,
950,,,Czech Republic,Vijayawada,Vijayawada to Czech Republic,,,,
951,,,Czech Republic,Visakhapatnam,Visakhapatnam to Czech Republic,,,,
952,,,Czech Republic,Warangal,Warangal to Czech Republic,,,,